DateStr,MediaGroup,TotalEvents,TotalArticles,TotalMentions,TotalSources,AvgTone,WeightedTone,AvgGoldstein,MinTone,MaxTone,StdTone,Date
2025-02-01,Chinese,8,30,30,8,-0.6388772517804774,-3.868174835916773,1.7,-6.45161290322581,1.2987012987013,3.5876983338483894,2025-02-01
2025-02-01,Global/Other,184,641,643,196,-2.313230529962446,-2.3854546748667413,-2.2141304347826085,-8.47457627118647,5.10204081632653,2.6411037770176002,2025-02-01
2025-02-01,Western,12,47,47,13,-0.9296697299926624,-1.0014025037872556,-1.1166666666666667,-4.40528634361234,2.63157894736842,2.416400868144306,2025-02-01
2025-02-02,Global/Other,232,1084,1110,241,-2.8343624887159007,-2.898667310402767,-1.847844827586207,-14.2857142857143,5.0,2.5298631581222835,2025-02-02
2025-02-02,Western,13,42,42,13,-3.6408046370302523,-4.986846464275098,-2.5999999999999996,-9.71428571428569,-0.97087378640777,3.3992273020240305,2025-02-02
2025-02-03,Chinese,3,4,4,3,-0.5855045651540832,1.5355362557171501,-1.3333333333333333,-4.82758620689655,7.89865871833085,7.347500933353148,2025-02-03
2025-02-03,Global/Other,357,1442,1449,376,-2.022687220247952,-2.301507377995809,-1.7053221288515406,-15.9420289855073,7.28155339805825,2.8792337826012595,2025-02-03
2025-02-03,Western,28,103,103,28,-2.3768361467811223,-2.1677742805543696,-2.6214285714285714,-6.2407132243685,1.39949109414758,1.9413528270897067,2025-02-03
2025-02-04,Chinese,6,20,20,6,-1.12213699760552,-0.38281537937317,1.7,-2.60078023407022,1.06951871657754,1.666186971172799,2025-02-04
2025-02-04,Global/Other,479,2085,2107,497,-2.8292824249309545,-3.075710743528648,-1.8200417536534446,-15.7706093189964,6.8,2.8956261101678633,2025-02-04
2025-02-04,Western,43,157,157,45,-1.8943814496926918,-1.9757648845829898,-1.2790697674418605,-5.88235294117647,0.20348837209303,1.3650575889695773,2025-02-04
2025-02-05,Chinese,11,17,17,11,3.142161788639173,1.1905157100664405,2.8363636363636364,-4.28571428571429,7.00389105058365,3.7232352118252003,2025-02-05
2025-02-05,Global/Other,390,1501,1507,400,-2.2571447383120242,-2.374351316910717,-1.2597435897435898,-14.1104294478528,6.54685494223363,2.7272971394027588,2025-02-05
2025-02-05,Western,18,60,61,18,-2.048356092197532,-4.578811476726778,-1.0111111111111113,-11.3924050632912,6.00255427841635,4.425583424905821,2025-02-05
2025-02-06,Chinese,4,11,11,4,0.7178050508686896,1.2041055548588917,-0.25,-2.4390243902439,7.22433460076046,4.557165424494024,2025-02-06
2025-02-06,Global/Other,287,1075,1083,302,-2.6436826087169436,-2.7862785621248656,-0.9087108013937283,-17.3076923076923,5.07399577167019,3.2013819822901346,2025-02-06
2025-02-06,Western,23,71,71,23,-2.8154988406844015,-2.765966844948976,-0.18260869565217397,-4.4404973357016,-1.28388017118403,0.9456138390201757,2025-02-06
2025-02-07,Chinese,17,60,90,17,-0.7460932272710277,-0.968758432732837,1.2352941176470589,-2.34375,1.69286577992745,1.5513234549467765,2025-02-07
2025-02-07,Global/Other,278,943,945,284,-2.3903420773891546,-2.5366221356717076,-1.393525179856115,-11.1111111111111,6.56934306569343,2.9890087254693,2025-02-07
2025-02-07,Western,13,36,36,14,-2.956005647816521,-3.0918983922798073,-2.230769230769231,-6.11439842209073,1.06837606837607,2.67895440730687,2025-02-07
2025-02-08,Chinese,13,51,51,13,-0.5731174632166846,0.34379357908141567,-1.646153846153846,-4.60251046025104,4.62962962962963,2.8703911044425934,2025-02-08
2025-02-08,Global/Other,137,528,530,142,-2.19243411033031,-2.0070957897408923,-1.5999999999999999,-9.09090909090909,10.7981220657277,3.2520816397619385,2025-02-08
2025-02-08,Western,2,11,11,2,-1.6232538046409999,-1.313262222884231,-5.0,-2.75988960441582,-0.48661800486618,1.60744576352034,2025-02-08
2025-02-09,Chinese,2,6,6,2,3.099841114762513,2.2584072659567833,-0.5,0.575539568345325,5.6241426611797,3.5699014824625634,2025-02-09
2025-02-09,Global/Other,135,551,551,140,-2.142201885280998,-2.2784185352858803,-1.322962962962963,-8.77862595419851,6.18556701030928,2.3965720191323436,2025-02-09
2025-02-09,Western,6,30,30,6,-2.5246909239279933,-2.4681458563724865,-0.3,-5.0919377652051,-1.49544863459038,1.4435802941187648,2025-02-09
2025-02-10,Chinese,3,12,12,3,-3.623245680701219,-6.03384506257283,-4.666666666666667,-8.44444444444444,6.01915184678522,8.350561212191517,2025-02-10
2025-02-10,Global/Other,195,817,817,201,-2.0205593399868094,-2.3176550298919154,-1.8276923076923075,-16.4556962025316,6.21621621621622,3.0064659052608342,2025-02-10
2025-02-10,Western,11,28,28,12,-1.4544672215507772,-1.177333960480634,0.9636363636363636,-3.04,0.45045045045045,1.1892921900308262,2025-02-10
2025-02-11,Chinese,11,43,43,11,0.6758627520048183,0.9040037550012728,-1.6545454545454545,-1.99004975124378,3.17195325542571,2.041643910712466,2025-02-11
2025-02-11,Global/Other,248,901,912,267,-2.062110354541016,-2.2176094003753852,-1.8995967741935484,-7.29411764705882,6.75620675620676,2.5877405965306313,2025-02-11
2025-02-11,Western,21,57,57,22,-2.0089007496350355,-1.5131967077054789,-1.5714285714285714,-3.25693606755126,0.538599640933571,1.3157910950889304,2025-02-11
2025-02-12,Chinese,2,11,11,2,1.10282597626415,0.8865781705662635,-2.2,0.3099173553719,1.8957345971564,1.1213421253883666,2025-02-12
2025-02-12,Global/Other,213,704,704,216,-2.448718455595469,-1.9030863191495155,-1.3413145539906102,-8.91530460624072,6.73076923076923,3.0385345639624637,2025-02-12
2025-02-12,Western,12,42,42,13,-2.327892110723019,-2.8252715927673813,-1.6666666666666667,-6.01145038167939,0.54112554112554,2.535437353967554,2025-02-12
2025-02-13,Chinese,3,20,20,3,5.872746686765907,5.360844168079895,0.0,3.82513661202186,6.89655172413793,1.7732823417732975,2025-02-13
2025-02-13,Global/Other,313,1163,1163,323,-2.287322877952122,-1.8685249923174638,-0.5594249201277955,-14.7540983606557,6.98287220026351,3.178186445244562,2025-02-13
2025-02-13,Western,13,43,43,13,-2.6415089962778486,-2.7396282875380806,-0.7692307692307693,-3.99201596806387,-1.15321252059308,1.185823960929502,2025-02-13
2025-02-14,Chinese,8,40,40,8,-4.448527831506553,-3.704108460491436,-1.725,-7.44680851063829,0.0,2.5488024606121256,2025-02-14
2025-02-14,Global/Other,242,871,871,252,-1.9122763881437972,-1.7925490613976198,-1.0867768595041323,-20.9302325581395,4.5945945945946,2.4709970417514553,2025-02-14
2025-02-14,Western,17,69,69,17,-3.0542124031744424,-2.874751787388859,-1.8647058823529412,-8.38709677419355,1.67597765363129,3.5807603385995836,2025-02-14
2025-02-15,Chinese,4,17,17,4,-0.37559342540076257,-1.5026610278521855,-1.25,-2.8747433264887,0.45745654162855,1.6660999340586253,2025-02-15
2025-02-15,Global/Other,118,400,404,118,-2.3763910297305246,-2.3681428988075495,-1.0423728813559323,-9.57446808510641,10.5263157894737,2.9247933754002964,2025-02-15
2025-02-15,Western,12,29,29,12,-2.9561509892805446,-2.9659509576367786,-1.2333333333333334,-4.75260416666666,-0.23529411764706,1.4826809500935743,2025-02-15
2025-02-16,Chinese,2,17,17,2,-0.460126875221215,-0.837293179135577,-3.5,-2.5974025974026,1.67714884696017,3.0225643128396658,2025-02-16
2025-02-16,Global/Other,82,319,321,83,-0.8932183900927064,-0.9944787020259553,-0.575609756097561,-8.64553314121033,5.72390572390572,3.506178937646454,2025-02-16
2025-02-17,Chinese,9,38,38,9,-4.82344017436324,-4.436132338302829,-1.8888888888888888,-5.37190082644628,-2.31788079470198,0.9874560619623854,2025-02-17
2025-02-17,Global/Other,169,666,668,177,-2.384335490151182,-2.1072626664502376,-0.9449704142011833,-12.2153209109731,1.76600441501104,1.990328025691063,2025-02-17
2025-02-17,Western,16,79,79,16,-1.0775811686684382,-1.1273391627227243,-0.6625,-2.49110320284697,1.84757505773672,1.3387775426832187,2025-02-17
2025-02-18,Global/Other,172,739,739,174,-1.9359211203978728,-2.1094247155726875,-0.7034883720930233,-8.15217391304348,2.76497695852534,2.37478874067476,2025-02-18
2025-02-18,Western,18,78,86,18,-2.1645784087796986,-1.93553916311289,-1.1,-8.05471124620063,4.67692307692308,3.931588472191386,2025-02-18
2025-02-19,Chinese,8,19,19,8,-1.6027447240967339,-1.533067076867378,1.55,-5.859375,5.51431601272535,3.1855137176623516,2025-02-19
2025-02-19,Global/Other,193,827,829,201,-2.249511753782728,-2.16360572257487,-0.9544041450777203,-15.9420289855072,5.42986425339367,3.2470258452329617,2025-02-19
2025-02-19,Western,3,6,6,3,-2.0124308508543933,-1.3317362587605268,1.3333333333333333,-2.69312544294826,-0.65104166666666,1.1789976179439494,2025-02-19
2025-02-20,Chinese,15,76,76,16,-2.3545045666434676,-2.4520407556272428,-1.2666666666666666,-6.19469026548673,5.51431601272535,3.590651192003,2025-02-20
2025-02-20,Global/Other,212,857,857,222,-1.6122188900920325,-1.5317284483665612,-1.2556603773584905,-9.52380952380953,4.72312703583061,2.7371395180417766,2025-02-20
2025-02-20,Western,21,66,66,21,-2.183508621800745,-2.04710731203305,-3.038095238095238,-3.2448377581121,-1.04712041884816,0.6312219884251438,2025-02-20
2025-02-21,Chinese,5,34,34,5,-3.766277256035292,-3.853340803519735,-1.6,-5.26315789473684,-2.61707988980716,1.0958251279728077,2025-02-21
2025-02-21,Global/Other,204,798,799,214,-1.7160332731711827,-1.4125829243063017,-1.0941176470588236,-8.47457627118647,4.60704607046071,2.4677382328585047,2025-02-21
2025-02-21,Western,14,47,47,14,-0.6643439371984751,-1.0684421707255716,-1.8142857142857143,-5.48302872062663,5.21327014218009,3.127428935879524,2025-02-21
2025-02-22,Chinese,1,10,10,1,-0.81967213114754,-0.81967213114754,-0.4,-0.81967213114754,-0.81967213114754,,2025-02-22
2025-02-22,Global/Other,140,462,462,144,-2.0558858951836507,-2.2285988399182832,-1.0657142857142858,-11.2554112554113,6.65399239543726,2.6130166538181556,2025-02-22
2025-02-22,Western,12,42,42,12,-0.3868234464785017,-0.7806884445809393,-2.4499999999999997,-4.20560747663552,1.49875104079934,1.7611146832169908,2025-02-22
2025-02-23,Chinese,1,2,2,1,0.53475935828877,0.53475935828877,0.0,0.53475935828877,0.53475935828877,,2025-02-23
2025-02-23,Global/Other,94,376,376,102,-2.0884618053921558,-2.0905970842974178,-0.43829787234042555,-6.91244239631336,9.41915227629513,2.263897084848106,2025-02-23
2025-02-23,Western,3,16,16,4,-2.2355801830361166,-1.5733634506497833,0.13333333333333333,-3.63636363636363,-1.23711340206186,1.2491975225477046,2025-02-23
2025-02-24,Chinese,12,58,58,12,-3.307667931788591,-3.2068223082231717,0.25,-4.57079152731327,-1.40845070422535,1.209875518469839,2025-02-24
2025-02-24,Global/Other,137,463,463,142,-2.022436278708064,-1.6729223824906245,-0.8963503649635036,-8.83977900552488,6.31578947368422,2.6153211373652017,2025-02-24
2025-02-24,Western,15,49,49,15,-2.5328801823281797,-2.6233745537077704,-1.4400000000000002,-4.63414634146342,0.5592841163311,1.9221538885558929,2025-02-24
2025-02-25,Global/Other,224,888,895,226,-2.165521804398425,-2.1387177159585447,-1.4080357142857143,-17.9487179487179,7.1578947368421,3.4468698780443243,2025-02-25
2025-02-25,Western,9,28,32,9,-1.322601400304599,-1.6591791160399543,-1.0,-3.10077519379845,0.17006802721089,1.339661033515205,2025-02-25
2025-02-26,Chinese,1,10,10,1,-2.6595744680851,-2.6595744680851,3.0,-2.6595744680851,-2.6595744680851,,2025-02-26
2025-02-26,Global/Other,160,539,539,160,-1.6733842558551744,-1.3940507007764047,-1.3543749999999999,-17.3553719008265,5.40865384615385,3.022592993058766,2025-02-26
2025-02-26,Western,12,23,23,12,-3.0561986750237384,-3.7961549510053283,-2.0833333333333335,-7.27272727272725,1.63934426229509,3.337227623808656,2025-02-26
2025-02-27,Chinese,3,13,13,3,-1.2212785568503568,-1.0308573512207764,-1.3333333333333333,-2.45901639344263,-0.60240963855422,1.071912409714101,2025-02-27
2025-02-27,Global/Other,192,736,738,192,-2.7527050138563767,-2.790026131507014,-1.34375,-23.4782608695652,6.55339805825243,3.8868361906396425,2025-02-27
2025-02-27,Western,18,49,49,18,-3.336359501186143,-3.5388137969735567,-1.8111111111111111,-5.65217391304348,-1.0989010989011,0.9343362520530528,2025-02-27
2025-02-28,Chinese,17,73,73,17,-0.92684582566401,-1.5695663779659632,-0.7647058823529411,-7.46124031007752,1.81268882175226,2.1173238731822157,2025-02-28
2025-02-28,Global/Other,195,808,840,200,-3.692009002063223,-4.153324873182086,-1.6287179487179488,-19.3798449612403,11.3924050632911,4.010883016837356,2025-02-28
2025-02-28,Western,17,61,61,17,-2.871121684091148,-3.0063972609191536,-3.4705882352941178,-7.88177339901478,0.44709388971684,3.073643210131271,2025-02-28
2025-03-01,Chinese,6,31,31,6,-0.6076170199248884,-0.6607790224351943,-0.7000000000000001,-5.42168674698795,5.82959641255606,5.186451524277047,2025-03-01
2025-03-01,Global/Other,104,423,433,104,-3.505422996358143,-4.104239904549206,-0.6788461538461539,-18.918918918919,1.64609053497942,3.2850738816218716,2025-03-01
2025-03-01,Western,1,5,5,1,1.62866449511401,1.6286644951140097,0.0,1.62866449511401,1.62866449511401,,2025-03-01
2025-03-02,Chinese,8,17,17,8,0.9742937763479825,1.418139510287032,0.85,-1.54083204930663,2.54777070063695,1.8265286225879587,2025-03-02
2025-03-02,Global/Other,67,248,248,67,-1.7557313508836756,-1.633283000454934,-1.6776119402985075,-6.00343053173242,3.48837209302326,2.1986597031428436,2025-03-02
2025-03-02,Western,12,39,59,12,-1.3086780671950866,-0.8261136053246997,-0.36666666666666675,-6.38297872340426,0.76815642458101,2.7693619927520388,2025-03-02
2025-03-03,Chinese,4,7,7,4,-3.19379062740916,-3.773778090569954,0.7,-5.33980582524272,-2.23684210526316,1.4709136632958195,2025-03-03
2025-03-03,Global/Other,153,634,634,157,-2.416646222273146,-2.4680866439593596,-1.4601307189542485,-13.6054421768707,4.50254175744372,2.9427948489704305,2025-03-03
2025-03-03,Western,13,35,35,13,-2.2549450562757687,-2.4745292569951762,-1.5692307692307692,-4.04494382022471,-0.10341261633919,1.5931809475174108,2025-03-03
2025-03-04,Chinese,17,91,91,20,-2.61579830269993,-3.274357370960639,-0.1764705882352941,-9.92063492063491,1.90476190476191,3.2591473848637613,2025-03-04
2025-03-04,Global/Other,285,1112,1112,289,-2.8972768012418157,-2.8222229955397946,-1.683859649122807,-12.8834355828221,5.46448087431694,2.6483301475957886,2025-03-04
2025-03-04,Western,17,36,36,17,-1.149506994278226,-1.284655336028732,-2.7176470588235295,-3.53982300884956,0.26881720430108,1.2835832636600042,2025-03-04
2025-03-05,Chinese,10,46,46,10,0.6745888012766722,-1.5909079685101448,-0.6599999999999999,-8.49056603773585,4.37956204379562,4.634997026060887,2025-03-05
2025-03-05,Global/Other,298,1170,1206,313,-3.28175831995912,-3.860902997879084,-1.9144295302013423,-14.4578313253012,7.64239365537131,3.6383616969038672,2025-03-05
2025-03-05,Western,31,85,85,31,-4.433830063148595,-4.643477388985709,-2.541935483870968,-7.36842105263158,-2.28337236533958,1.880412080565334,2025-03-05
2025-03-06,Chinese,2,14,14,2,-4.3809523809524,-7.074829931972814,-2.0,-10.6666666666667,1.9047619047619,8.889342392059474,2025-03-06
2025-03-06,Global/Other,244,907,911,244,-3.647624595011119,-3.6690522114657074,-1.4553278688524591,-9.48275862068962,5.41666666666666,2.9859324927684985,2025-03-06
2025-03-06,Western,12,51,51,12,-3.7088218965289244,-2.884547428901883,-2.35,-5.96546310832025,-0.56444026340546,2.3907868593985233,2025-03-06
2025-03-07,Chinese,3,26,26,3,-6.4141414141414,-8.170163170163153,-1.3333333333333333,-12.1212121212121,5.0,9.88493642703449,2025-03-07
2025-03-07,Global/Other,331,1286,1298,344,-3.6584002610392243,-3.657806456656512,-1.761631419939577,-13.0919220055711,3.93700787401574,2.7703576665285943,2025-03-07
2025-03-07,Western,13,29,29,13,-2.403920699621764,-2.337102121186153,-0.7000000000000001,-5.32786885245901,0.41536863966771,1.5573932263853958,2025-03-07
2025-03-08,Chinese,3,12,12,3,-4.9760572053565735,-3.841416898741739,-0.3333333333333333,-5.73248407643313,-3.46320346320346,1.310169772914949,2025-03-08
2025-03-08,Global/Other,155,597,605,163,-3.4531304048074682,-3.313435019216412,-1.9670967741935483,-10.0,6.71671276175424,2.6466885754358573,2025-03-08
2025-03-08,Western,5,24,24,5,-4.848322384927711,-4.68598832836598,-6.279999999999999,-6.55737704918032,-2.68096514745308,1.9655647630811883,2025-03-08
2025-03-09,Chinese,3,12,12,3,0.04462091300625678,-0.6874671019854216,-4.866666666666666,-2.34159779614326,2.97297297297297,2.6984434480895425,2025-03-09
2025-03-09,Global/Other,116,449,449,124,-2.7610523371956748,-2.8019599942258306,-1.793103448275862,-7.31707317073171,3.125,2.18544249975288,2025-03-09
2025-03-09,Western,13,32,32,13,-2.194521706230011,-2.9956482172419943,-1.1846153846153846,-4.74860335195531,0.33898305084746,1.876791340838267,2025-03-09
2025-03-10,Chinese,2,10,10,2,-0.8595988538682,-0.8595988538682,3.0,-0.8595988538682,-0.8595988538682,0.0,2025-03-10
2025-03-10,Global/Other,194,724,724,200,-2.329208349088733,-2.180780954071768,-2.106701030927835,-11.3013698630137,6.19834710743802,2.845033657800556,2025-03-10
2025-03-10,Western,15,44,44,15,-2.0686572605646716,-2.397811564660921,-1.9333333333333333,-4.6583850931677,1.01394169835235,1.5165579510025597,2025-03-10
2025-03-11,Chinese,4,17,17,4,-1.7189026538424523,1.035756296056294,-0.75,-4.37158469945355,3.40264650283553,3.66685595411316,2025-03-11
2025-03-11,Global/Other,177,635,635,185,-1.8129170941283128,-1.7569274736653173,-2.0271186440677966,-14.2011834319527,5.86734693877551,2.962250548500084,2025-03-11
2025-03-11,Western,1,4,4,1,-0.79365079365079,-0.79365079365079,3.0,-0.79365079365079,-0.79365079365079,,2025-03-11
2025-03-12,Chinese,1,10,10,1,-6.86274509803921,-6.86274509803921,-5.0,-6.86274509803921,-6.86274509803921,,2025-03-12
2025-03-12,Global/Other,216,771,796,218,-2.6091506928948784,-2.8731813208976233,-1.5157407407407406,-12.2641509433962,6.00706713780919,3.064862579925382,2025-03-12
2025-03-12,Western,13,39,39,13,-2.479601040483052,-2.6482848536674,-0.5615384615384615,-8.89877641824254,1.875,2.8815817799022083,2025-03-12
2025-03-13,Chinese,2,20,20,2,-2.27272727272727,-2.27272727272727,-1.0,-4.54545454545454,0.0,3.214121732666121,2025-03-13
2025-03-13,Global/Other,167,627,630,168,-1.6832801699958426,-1.6956045949285894,-1.455688622754491,-8.95061728395065,7.23270440251573,2.507919996594554,2025-03-13
2025-03-13,Western,13,48,48,13,-1.8535708645765747,-1.7380501336957834,-1.4000000000000001,-4.96031746031746,0.0,1.5750576437618784,2025-03-13
2025-03-14,Chinese,2,7,7,2,-9.60451977401127,-9.60451977401127,-2.0,-9.60451977401127,-9.60451977401127,0.0,2025-03-14
2025-03-14,Global/Other,149,766,768,172,-1.8295960193091383,-2.1396385351840697,-1.7181208053691275,-6.34755463059314,3.54430379746836,1.9814752443054984,2025-03-14
2025-03-14,Western,17,53,53,17,-3.0453691043543287,-2.365912653896988,-3.823529411764706,-8.00711743772243,-0.48076923076923,2.603271644726412,2025-03-14
2025-03-15,Global/Other,147,619,620,157,-3.18566306679383,-3.0826280482129764,-1.3258503401360544,-13.0232558139535,5.95744680851064,2.9947489702933954,2025-03-15
2025-03-15,Western,1,3,3,1,-3.61990950226244,-3.61990950226244,-0.4,-3.61990950226244,-3.61990950226244,,2025-03-15
2025-03-16,Global/Other,117,367,377,119,-2.348067713265433,-2.259695736397093,-1.8444444444444446,-9.375,6.18279569892473,2.6730043472986296,2025-03-16
2025-03-16,Western,8,35,39,8,-3.5526431930741875,-3.4073802437201177,-3.85,-4.58351696782723,-2.22222222222222,1.1250726964798832,2025-03-16
2025-03-17,Global/Other,161,529,541,162,-2.292380935506722,-2.245013956335533,-1.5608695652173914,-12.6373626373627,5.97345132743363,2.8829646841894396,2025-03-17
2025-03-17,Western,12,26,26,12,-2.2126263265210544,-2.923300598294338,-1.3333333333333333,-5.32767562470533,2.7602523659306,2.2181757211474027,2025-03-17
2025-03-18,Chinese,5,17,17,5,1.6472764228935202,-2.146138867756209,0.08,-5.94059405940594,5.43237250554324,5.356073005051257,2025-03-18
2025-03-18,Global/Other,178,663,667,179,-2.6446476972698627,-2.650700814133443,-1.1376404494382022,-10.7142857142857,8.46560846560846,2.764733314625209,2025-03-18
2025-03-18,Western,22,67,67,22,-2.3650096972801053,-1.1790312822400089,-2.209090909090909,-6.01092896174863,2.71646859083192,2.6321681462633606,2025-03-18
2025-03-19,Chinese,12,75,75,12,-4.036160004052745,-3.4179959948385226,-3.6,-6.04026845637584,-0.9478672985782,2.045508482710395,2025-03-19
2025-03-19,Global/Other,179,643,653,187,-2.3404724124043397,-2.570600053085987,-1.4994413407821228,-12.0418848167539,7.18816067653279,3.2551197125292184,2025-03-19
2025-03-19,Western,21,58,58,21,-1.8634523319099532,-1.3623502630471072,-1.7428571428571429,-5.18134715025907,2.71646859083192,2.131657715663733,2025-03-19
2025-03-20,Chinese,11,50,54,16,-5.347083727281876,-7.818330826647996,1.7454545454545454,-10.3260869565218,-0.79681274900398,4.7771466274058,2025-03-20
2025-03-20,Global/Other,186,517,536,191,-2.3873983078856615,-2.3521609436314916,-1.7333333333333332,-12.7272727272727,3.16666666666667,2.5778630389226587,2025-03-20
2025-03-20,Western,5,9,9,7,-5.756209673120422,-5.710857018840043,-1.8,-10.6194690265486,-0.68886337543054,4.970542877848162,2025-03-20
2025-03-21,Chinese,7,66,66,10,-2.3486535019250816,-2.420665194096536,0.14285714285714285,-2.9585798816568,0.38314176245211,1.2434596877368052,2025-03-21
2025-03-21,Global/Other,275,973,976,302,-2.506977840576785,-2.472385971595041,-1.546909090909091,-17.2413793103448,4.44726810673444,2.643769984134756,2025-03-21
2025-03-21,Western,16,33,33,17,-1.183905429536858,-1.2881907459863793,-1.9000000000000001,-6.87203791469194,1.0752688172043,2.2189884479590947,2025-03-21
2025-03-22,Global/Other,151,460,461,155,-2.510677448868556,-2.7647449576502723,-1.7966887417218544,-8.59872611464968,2.47326203208556,2.343542613229028,2025-03-22
2025-03-22,Western,10,21,21,11,-1.4032510308110582,-2.1294903200174398,-0.9,-6.65322580645162,2.56410256410256,3.7430721162636122,2025-03-22
2025-03-23,Global/Other,95,330,330,101,-1.901159075567027,-1.84189067442138,-1.0989473684210527,-11.3573407202216,2.35042735042735,2.43021679608956,2025-03-23
2025-03-23,Western,6,22,30,6,-2.98023306156727,-3.070788159516387,-3.2000000000000006,-3.97633913900756,-1.98412698412698,1.0911795365640693,2025-03-23
2025-03-24,Chinese,3,15,15,3,-1.5227854823638598,0.02857008409687998,0.26666666666666666,-3.0741410488246,1.57992565055762,2.6870266617147975,2025-03-24
2025-03-24,Global/Other,144,512,512,145,-2.2016616978261685,-1.927107678766133,-1.5583333333333333,-9.80132450331126,4.49826989619377,2.359919674933089,2025-03-24
2025-03-24,Western,6,16,16,6,-2.7066248863518596,-2.839321182749507,2.0,-3.23741007194245,-1.35287485907553,0.7357043122655833,2025-03-24
2025-03-25,Chinese,17,73,73,17,1.3694391625090683,0.057899914729956155,-1.1058823529411765,-3.8243626062323,5.16129032258064,4.041800039521221,2025-03-25
2025-03-25,Global/Other,170,809,819,178,-2.4315211959953573,-2.3700300060733266,-1.6311764705882354,-11.9718309859155,5.71791613722998,3.0158206079823393,2025-03-25
2025-03-25,Western,11,36,36,11,-2.3533560300500382,-1.504467219950177,-1.6545454545454545,-4.05257393209201,1.2987012987013,1.500212050572866,2025-03-25
2025-03-26,Chinese,9,55,55,9,-3.277547454312598,-3.5055874860588134,1.5222222222222221,-5.6637168141593,-1.70807453416149,1.6557891534057005,2025-03-26
2025-03-26,Global/Other,212,753,763,217,-2.534075440843413,-2.8113371052951184,-1.213679245283019,-14.8148148148148,6.09418282548476,3.071716650820617,2025-03-26
2025-03-26,Western,9,19,19,9,-2.6062181276535323,-2.880734539296194,0.7111111111111111,-3.55029585798817,-0.98765432098765,0.987918855052159,2025-03-26
2025-03-27,Chinese,15,85,87,15,-1.437654590798168,-1.7117631986798916,-1.1133333333333333,-5.57377049180327,2.21565731166913,2.420125484599407,2025-03-27
2025-03-27,Global/Other,252,933,953,257,-1.875147235614577,-1.740670762995401,-1.2626984126984127,-11.2385321100917,4.3046357615894,2.4264826722878454,2025-03-27
2025-03-27,Western,8,31,31,8,-0.6112629389776124,-1.5491287781822374,-0.55,-4.08997955010225,0.15535991714138,1.5530808046520805,2025-03-27
2025-03-28,Chinese,4,33,33,4,-2.9960161964472323,-2.920862227288561,0.5,-4.6875,-1.04166666666667,1.9649144689422557,2025-03-28
2025-03-28,Global/Other,185,712,714,190,-1.7259147223984803,-1.5776082991752083,-1.6183783783783785,-12.03007518797,4.36781609195403,2.794860097492485,2025-03-28
2025-03-28,Western,14,32,32,14,-2.5313428313996313,-2.6669230818654377,-1.2714285714285716,-5.40644171779141,0.0,1.6343910806569004,2025-03-28
2025-03-29,Global/Other,92,269,269,92,-1.6344829405902292,-1.621673629066393,-1.5021739130434781,-12.6027397260274,3.13199105145414,3.0703291246601534,2025-03-29
2025-03-29,Western,3,6,6,3,-2.6387153851354737,-2.6387153851354737,-0.8666666666666667,-4.46927374301676,-0.52910052910053,1.9848540590650676,2025-03-29
2025-03-30,Chinese,2,8,8,2,-3.46964064436183,-3.46964064436183,0.0,-3.46964064436183,-3.46964064436183,0.0,2025-03-30
2025-03-30,Global/Other,91,346,346,91,-1.709837325615154,-1.4652478551384664,-1.586813186813187,-10.9271523178808,9.13705583756345,3.3125211570227884,2025-03-30
2025-03-30,Western,4,6,6,4,-4.08418427526708,-3.3224367831586537,-2.7,-6.36942675159236,-1.7989417989418,2.6387707177399347,2025-03-30
2025-03-31,Chinese,5,34,34,5,0.891084490469002,0.2752862394400053,-1.8800000000000001,-2.34741784037559,3.65217391304348,2.865018120910006,2025-03-31
2025-03-31,Global/Other,133,492,492,137,-2.831241828396088,-2.721649761178875,-1.5466165413533837,-13.8888888888889,2.58899676375404,2.8252930707353983,2025-03-31
2025-03-31,Western,13,44,47,13,-3.9033569519236404,-3.920251608321243,-2.323076923076923,-7.02380952380952,-0.9375,2.257028790740409,2025-03-31
2025-04-01,Chinese,8,42,42,8,-4.544264129969853,-4.905891675445166,-4.925,-6.57276995305164,-3.14192849404117,1.6858819198653137,2025-04-01
2025-04-01,Global/Other,257,946,946,265,-2.5332400341706474,-2.878148239903052,-1.6373540856031128,-10.4395604395605,6.83453237410072,3.1301932388907434,2025-04-01
2025-04-01,Western,8,27,27,8,-3.172310716866278,-2.2374614105424935,-2.525,-8.02603036876356,-0.91743119266055,3.030022402758981,2025-04-01
2025-04-02,Chinese,8,31,31,8,-1.9734246779081799,-2.161667212153804,0.525,-4.17362270450751,1.51515151515152,2.2531243269440497,2025-04-02
2025-04-02,Global/Other,241,865,885,247,-3.4482745315756236,-3.4738744054293735,-1.7738589211618256,-16.260162601626,7.98403193612777,3.138756288335291,2025-04-02
2025-04-02,Western,15,37,37,15,-2.479431829843768,-2.147248732465356,-2.12,-5.83090379008747,2.38095238095238,2.164723812986252,2025-04-02
2025-04-03,Chinese,8,42,42,8,-2.7562478542566526,-3.035985327920602,-1.125,-3.99305555555556,-1.5625,0.992277338855,2025-04-03
2025-04-03,Global/Other,341,1518,1528,367,-2.3778144668367935,-2.3654620044855137,-1.4891495601173022,-14.2857142857143,3.75426621160409,2.3863781118480785,2025-04-03
2025-04-03,Western,35,87,87,35,-2.3244105413202405,-2.3101004160529164,-2.0914285714285716,-5.51282051282052,1.55642023346303,1.7153609369091538,2025-04-03
2025-04-04,Chinese,4,24,24,4,-1.88331907897286,-1.8165472295489298,1.0,-2.85714285714286,-1.03950103950104,0.8884699603146881,2025-04-04
2025-04-04,Global/Other,383,1761,1794,437,-2.224528466051044,-2.578576767229948,-1.2193211488250653,-12.280701754386,4.87804878048781,2.63716764916089,2025-04-04
2025-04-04,Western,22,66,66,22,-2.4083407058512614,-2.634723276803901,-0.8454545454545456,-7.31707317073171,0.0,1.5408966362191505,2025-04-04
2025-04-05,Chinese,1,2,2,1,-2.06659012629161,-2.06659012629161,3.0,-2.06659012629161,-2.06659012629161,,2025-04-05
2025-04-05,Global/Other,202,937,937,211,-1.8012523596939451,-1.6934649197878435,-1.3044554455445545,-8.45070422535211,7.07964601769911,2.6755807973275343,2025-04-05
2025-04-05,Western,11,36,36,11,-1.5200490074884356,-0.46243327503505127,-1.4363636363636365,-4.26621160409556,3.82293762575453,2.312494868035793,2025-04-05
2025-04-06,Chinese,2,10,10,2,-0.90252707581228,-0.9025270758122799,-2.0,-0.90252707581228,-0.90252707581228,0.0,2025-04-06
2025-04-06,Global/Other,115,428,428,115,-2.0097698489869016,-1.9402736597311252,-2.0382608695652173,-11.6331096196868,10.0990099009901,3.0903492444050586,2025-04-06
2025-04-06,Western,9,31,31,9,-2.429897947513001,-3.003537413443536,-2.2,-6.88935281837161,-1.10552763819095,1.9902404512659695,2025-04-06
2025-04-07,Chinese,15,72,72,16,-0.8189568758969393,-0.811170981439224,-0.49333333333333335,-3.39622641509434,1.33928571428571,1.6454663392370297,2025-04-07
2025-04-07,Global/Other,309,1241,1253,316,-2.9363468902095393,-2.791252195009283,-1.4757281553398058,-23.970398970399,6.16438356164384,3.219089206975228,2025-04-07
2025-04-07,Western,16,38,39,16,-3.789777048374182,-4.660192220380015,-2.1,-8.21917808219178,-1.26728110599078,1.9662649120925526,2025-04-07
2025-04-08,Chinese,19,114,117,19,-4.248095286786497,-3.6027810797312814,-2.3684210526315788,-9.09090909090909,0.0,2.132944110828211,2025-04-08
2025-04-08,Global/Other,606,2303,2332,643,-3.226867350479787,-3.4704669952950513,-1.7443894389438945,-14.5833333333333,5.89410589410589,2.8162826841412913,2025-04-08
2025-04-08,Western,39,91,91,39,-3.4434645598303413,-3.510823526037076,-2.502564102564103,-6.49350649350649,-0.21834061135371,1.2667730129257693,2025-04-08
2025-04-09,Chinese,12,55,55,12,-1.6236884213908567,-1.3128328015304997,-3.533333333333333,-4.70588235294118,3.54609929078014,2.7515122221127757,2025-04-09
2025-04-09,Global/Other,821,3237,3275,894,-3.0880516215840137,-3.0470379353367,-1.8841656516443364,-10.7142857142857,4.73372781065089,2.3703766356636864,2025-04-09
2025-04-09,Western,34,138,140,38,-2.3890551975442187,-2.4415859209672424,-1.3,-7.06521739130435,0.67415730337078,1.6719779184910741,2025-04-09
2025-04-10,Chinese,15,107,107,15,-2.9538467473770966,-1.8821803826295858,-0.5733333333333334,-6.57894736842105,-0.44052863436123,1.728547268753382,2025-04-10
2025-04-10,Global/Other,642,2367,2372,672,-2.6523949382380736,-2.6422842861823512,-1.111214953271028,-17.9487179487179,4.14012738853503,2.786694641623422,2025-04-10
2025-04-10,Western,52,155,165,52,-3.455583697891456,-3.6096886602416767,-1.5769230769230769,-8.43373493975904,0.26075619295958,2.388645599132046,2025-04-10
2025-04-11,Chinese,9,52,52,9,-1.3689456032313279,-0.9017114969865708,-2.155555555555556,-3.21285140562249,0.42857142857143,1.359885486845152,2025-04-11
2025-04-11,Global/Other,470,1926,1942,506,-2.5497452537543106,-2.6231219683645395,-1.8444680851063828,-16.9230769230769,5.95238095238095,2.806028445231938,2025-04-11
2025-04-11,Western,40,142,142,40,-2.4084583878607404,-2.6212330188559347,-1.05,-6.47773279352226,2.06008583690987,1.8519777031953806,2025-04-11
2025-04-12,Chinese,4,13,13,4,-3.799084114117275,-2.4223197583551297,-6.35,-6.35593220338983,-1.24223602484472,2.9523938652369797,2025-04-12
2025-04-12,Global/Other,258,974,986,264,-2.6406529981265754,-2.5054959390269174,-1.0124031007751937,-11.7647058823529,3.40068999507147,2.714597157776877,2025-04-12
2025-04-12,Western,10,36,36,10,-2.300329454722038,-2.6131507471477047,-0.7,-5.35714285714285,0.27155465037339,1.615431125524133,2025-04-12
2025-04-13,Chinese,1,2,2,1,-3.47222222222222,-3.47222222222222,3.0,-3.47222222222222,-3.47222222222222,,2025-04-13
2025-04-13,Global/Other,204,821,821,211,-2.417432704637613,-2.554361027485887,-1.1583333333333334,-10.8485499462943,5.61497326203208,2.820052926887621,2025-04-13
2025-04-13,Western,13,46,46,14,-1.6027887228254072,-1.8359377690878775,-1.0153846153846153,-6.3265306122449,-0.20746887966805,1.9162076732634035,2025-04-13
2025-04-14,Chinese,5,23,23,5,-2.42755038074587,-3.557152316667613,-1.2,-6.16438356164384,-1.45348837209302,2.090093454789367,2025-04-14
2025-04-14,Global/Other,329,1326,1333,348,-2.1330564955328333,-2.3606307716970494,-1.2224924012158054,-10.2362204724409,4.20168067226891,2.487734845720922,2025-04-14
2025-04-14,Western,28,86,89,29,-1.8667437718347724,-1.877774442203791,0.07142857142857142,-5.13326752221126,-0.22753128555177,0.9972084102931155,2025-04-14
2025-04-15,Chinese,13,62,62,13,-3.457843334826142,-2.8920370268871247,-0.2923076923076923,-5.52995391705069,2.07253886010362,2.0109334109996735,2025-04-15
2025-04-15,Global/Other,421,1891,1893,427,-2.7329960144417895,-2.591741177265009,-1.686935866983373,-21.5686274509804,4.65444287729196,2.963409241625109,2025-04-15
2025-04-15,Western,27,66,69,27,-2.945648784724161,-3.509440280250839,-3.037037037037037,-7.71144278606965,0.0,2.2944556137899954,2025-04-15
2025-04-16,Chinese,14,44,44,14,-7.591611216335397,-6.765243748869915,-3.085714285714286,-10.7476635514019,1.08191653786708,4.6052789726109715,2025-04-16
2025-04-16,Global/Other,567,2600,2632,600,-2.7447753058021815,-2.7486505525982334,-1.554320987654321,-15.7434402332361,8.21167883211679,2.9630994086508227,2025-04-16
2025-04-16,Western,38,103,103,38,-2.664655060089275,-2.50630570244833,-3.126315789473684,-9.72850678733029,1.51679306608884,2.627037700889097,2025-04-16
2025-04-17,Chinese,11,41,41,11,-2.2608279809832363,-2.2612881888337557,-2.3545454545454545,-5.96491228070176,0.0,1.8291699748338952,2025-04-17
2025-04-17,Global/Other,503,2176,2220,543,-3.173900423398289,-2.974493611860172,-1.9262425447316103,-14.7058823529412,5.06912442396313,3.1399057802947126,2025-04-17
2025-04-17,Western,34,103,103,34,-0.5956703569076689,-0.7312042485174431,-3.3705882352941177,-3.7958115183246,2.09677419354839,1.918845403026454,2025-04-17
2025-04-18,Chinese,4,15,15,4,-3.2769281609810776,-2.601668187404561,-4.6,-6.57276995305164,-0.30959752321981,2.6981884420613147,2025-04-18
2025-04-18,Global/Other,323,1330,1335,333,-2.831409501222337,-2.686158896113477,-1.4743034055727553,-14.1463414634146,4.06654343807763,3.1585507355789613,2025-04-18
2025-04-18,Western,29,86,86,29,-2.1321331127937984,-2.358657404926963,-0.22758620689655173,-5.76271186440678,1.29081245254366,2.203161154458472,2025-04-18
2025-04-19,Global/Other,237,867,872,238,-2.632023881172331,-2.6841449593277997,-1.2021097046413503,-8.6720867208672,2.61780104712042,2.4035896456442054,2025-04-19
2025-04-19,Western,13,45,45,13,-3.307878765812588,-4.332839984751191,-1.1538461538461537,-7.96178343949048,1.58478605388273,3.4052211460231048,2025-04-19
2025-04-20,Chinese,3,7,7,3,-3.8806431663574537,-4.091571693612512,-2.6666666666666665,-5.35714285714286,-0.92764378478664,2.557372481800061,2025-04-20
2025-04-20,Global/Other,175,579,580,175,-2.3825963879575194,-2.3294475803345556,-0.43142857142857144,-8.09859154929576,6.84931506849315,2.5798396997312216,2025-04-20
2025-04-20,Western,7,17,17,7,-1.32972944811699,-1.5249293613525523,-2.0,-1.80685358255452,-1.08043217286915,0.33242386709201727,2025-04-20
2025-04-21,Chinese,4,28,36,4,-6.079817641798645,-4.786218428352415,-4.25,-10.1941747572815,-0.3125,4.938835723056395,2025-04-21
2025-04-21,Global/Other,320,1444,1455,332,-2.4767939492186892,-2.6813649357088214,-1.6925000000000001,-13.6690647482014,5.58139534883721,2.724635235350049,2025-04-21
2025-04-21,Western,23,87,87,23,-2.8374598274676592,-2.511109930033743,-3.4347826086956523,-9.05963302752294,-0.60240963855421,2.3520232804391705,2025-04-21
2025-04-22,Chinese,17,81,83,17,-4.345366089356157,-4.435134172747389,-2.8705882352941177,-8.24372759856631,-0.90634441087613,2.362542036395761,2025-04-22
2025-04-22,Global/Other,362,1476,1488,369,-2.721811604739809,-2.622644712207754,-1.3375690607734807,-12.1580547112462,4.6875,2.6125513345247726,2025-04-22
2025-04-22,Western,12,27,28,12,-2.7531871703190727,-2.582480360586971,-0.5166666666666667,-4.61049284578697,0.28985507246377,1.7487559179134449,2025-04-22
2025-04-23,Chinese,10,30,38,10,-3.627405102667133,-5.895214053977312,-3.8200000000000003,-9.2,2.78293135435992,5.771606597736977,2025-04-23
2025-04-23,Global/Other,461,1758,1770,483,-2.7894406662684936,-2.647823341054301,-1.468763557483731,-17.2268907563025,5.3784860557769,3.003552998169157,2025-04-23
2025-04-23,Western,19,45,45,22,-3.101585349911679,-3.1786194254434244,-2.4,-5.22875816993464,-1.78282009724473,1.3950729616779867,2025-04-23
2025-04-24,Chinese,7,33,33,7,-3.1960227755459454,-3.461034905390805,0.3714285714285714,-8.41584158415842,0.35252643948296,2.669058791168312,2025-04-24
2025-04-24,Global/Other,339,1412,1430,358,-2.1114051737026966,-2.269392816951009,-1.1808259587020649,-16.4319248826291,3.64826941066418,2.566623222998551,2025-04-24
2025-04-24,Western,19,81,81,19,-2.8252921030782603,-3.837925985262604,-1.0052631578947369,-5.8974358974359,-0.10111223458038,2.1371458859684087,2025-04-24
2025-04-25,Chinese,8,26,26,8,-2.064258249720236,-1.9184654487474408,1.65,-4.46650124069479,6.01851851851852,3.588304857227187,2025-04-25
2025-04-25,Global/Other,316,1324,1332,334,-2.155707833983186,-2.257111221223294,-1.3901898734177216,-11.8279569892473,6.25,2.6300392360192806,2025-04-25
2025-04-25,Western,43,114,114,43,-2.5391698590143457,-2.1232903443155218,-0.5395348837209303,-5.83333333333334,1.09289617486339,1.6412451794680056,2025-04-25
2025-04-26,Chinese,2,4,4,2,-0.00802097057157003,-0.00802097057157003,0.2,-1.90114068441065,1.88509874326751,2.6772755745070995,2025-04-26
2025-04-26,Global/Other,130,545,555,133,-1.8776263430834799,-1.5771533587669684,-0.943076923076923,-9.03522205206738,5.72519083969466,2.8685044283316166,2025-04-26
2025-04-26,Western,3,7,7,3,-3.2103088396894965,-3.3968545814850057,-0.3333333333333333,-4.51612903225806,-0.92165898617511,1.9885973284888654,2025-04-26
2025-04-27,Chinese,6,30,30,6,-0.7463930868186202,-0.279720870146402,-1.4000000000000001,-5.35714285714286,6.59574468085106,4.646678147129344,2025-04-27
2025-04-27,Global/Other,168,658,658,168,-2.127563395923996,-1.918503844108269,-1.3113095238095238,-15.625,2.6137463697967,2.7886357961265347,2025-04-27
2025-04-27,Western,8,23,23,8,-1.556222234390705,-1.697000059116264,-0.95,-2.36220472440945,-0.0680735194009499,1.0078441419007247,2025-04-27
2025-04-28,Chinese,3,20,28,3,-1.7397210485666266,-2.2876652582799517,-0.6666666666666666,-4.1501976284585,1.0,2.5908368036523606,2025-04-28
2025-04-28,Global/Other,188,890,908,193,-2.333782511032222,-1.9138520964143269,-1.1632978723404257,-14.2857142857143,5.01930501930502,2.9292890016934328,2025-04-28
2025-04-28,Western,7,28,28,7,-3.4925962189678614,-4.0474518719902335,-1.342857142857143,-6.36042402826855,-1.25,2.2429028649517613,2025-04-28
2025-04-29,Chinese,9,57,65,9,-1.1021613668145713,-1.448576206938178,-2.0444444444444443,-5.78512396694215,3.67713004484305,3.095179582432714,2025-04-29
2025-04-29,Global/Other,257,1072,1091,266,-2.3136838724507585,-2.4097315443223284,-1.314396887159533,-15.1162790697674,7.30994152046784,2.8929998299632556,2025-04-29
2025-04-29,Western,14,23,23,14,-0.584356179986555,-0.30568617109543084,-1.7428571428571427,-4.3046357615894,2.48565965583174,2.2764169671217167,2025-04-29
2025-04-30,Chinese,5,45,45,5,-2.1132111823404203,-0.11971309951679641,-1.48,-5.60344827586207,3.73134328358209,3.58843885649989,2025-04-30
2025-04-30,Global/Other,344,1345,1373,358,-2.5859988674581795,-2.5334489066456993,-1.1811046511627907,-9.40170940170942,6.05405405405406,2.736577153194673,2025-04-30
2025-04-30,Western,31,91,91,31,-3.3795954580397103,-3.531559365538288,-1.4967741935483871,-12.6582278481012,-0.36429872495447,1.9901185470299145,2025-04-30
