WeekStr,ActionCountry,MediaGroup,TotalEvents,TotalArticles,AvgTone,AvgGoldstein,WeekStart
2025-01-27,AE,Global/Other,5,8,-6.215831705142554,-5.0,2025-01-27
2025-01-27,AS,Global/Other,1,1,-0.61242344706912,-4.0,2025-01-27
2025-01-27,AU,Global/Other,1,4,-4.30809399477807,-5.0,2025-01-27
2025-01-27,BR,Global/Other,1,1,-2.86225402504472,0.0,2025-01-27
2025-01-27,CA,Chinese,1,3,1.2987012987013,3.0,2025-01-27
2025-01-27,CA,Global/Other,10,35,-3.530132117203324,-0.72,2025-01-27
2025-01-27,CA,Western,2,3,-1.87372823142624,-4.5,2025-01-27
2025-01-27,CH,Chinese,3,14,-1.2847367686077364,1.4000000000000001,2025-01-27
2025-01-27,CH,Global/Other,181,847,-2.559048205505658,-2.070718232044199,2025-01-27
2025-01-27,CH,Western,8,45,-2.9827795128123724,-1.5,2025-01-27
2025-01-27,FR,Global/Other,1,1,-1.77083333333334,0.4,2025-01-27
2025-01-27,GM,Global/Other,3,12,-1.2499329726202566,-2.0,2025-01-27
2025-01-27,GY,Global/Other,2,10,0.26315789473684,-2.0,2025-01-27
2025-01-27,IN,Global/Other,1,8,-0.7905138339921,3.0,2025-01-27
2025-01-27,JA,Global/Other,1,3,-4.17090539165819,0.0,2025-01-27
2025-01-27,KS,Global/Other,2,10,-0.4388370817334,-4.0,2025-01-27
2025-01-27,MX,Global/Other,13,38,-3.002776561048077,-0.676923076923077,2025-01-27
2025-01-27,MX,Western,1,2,-2.22772277227723,-2.0,2025-01-27
2025-01-27,MY,Global/Other,1,1,-0.61242344706912,-4.0,2025-01-27
2025-01-27,NO,Global/Other,1,10,0.30895983522142,0.4,2025-01-27
2025-01-27,PE,Global/Other,1,8,-2.89532293986637,0.0,2025-01-27
2025-01-27,PK,Global/Other,2,11,-1.38527113426474,-0.8,2025-01-27
2025-01-27,PL,Western,1,10,-1.15044247787611,-0.4,2025-01-27
2025-01-27,PM,Global/Other,6,19,-2.295466531933617,-0.20000000000000004,2025-01-27
2025-01-27,PM,Western,1,2,-2.05278592375366,0.0,2025-01-27
2025-01-27,RP,Global/Other,1,2,-0.76219512195122,-0.4,2025-01-27
2025-01-27,SN,Global/Other,1,1,-0.2156334231806,-4.4,2025-01-27
2025-01-27,SZ,Global/Other,1,1,0.87837837837838,0.0,2025-01-27
2025-01-27,TH,Global/Other,4,7,-3.03797522353423,-1.125,2025-01-27
2025-01-27,TW,Global/Other,3,13,-0.2356359322253533,0.8666666666666667,2025-01-27
2025-01-27,UK,Global/Other,3,5,0.5608447234798967,2.0,2025-01-27
2025-01-27,UNK,Global/Other,1,10,5.0,-4.0,2025-01-27
2025-01-27,UP,Global/Other,1,8,-0.55658627087199,3.0,2025-01-27
2025-01-27,US,Chinese,4,13,-0.6388772517804774,1.6,2025-01-27
2025-01-27,US,Global/Other,168,651,-2.794116633450658,-2.3130952380952383,2025-01-27
2025-01-27,US,Western,12,27,-2.1204877751705644,-1.9833333333333334,2025-01-27
2025-02-03,AE,Global/Other,7,10,-1.7867535979669944,-2.0285714285714285,2025-02-03
2025-02-03,AQ,Global/Other,2,10,4.16666666666667,-4.4,2025-02-03
2025-02-03,AS,Global/Other,4,12,-1.6214702377275425,-1.6,2025-02-03
2025-02-03,AS,Western,1,5,-4.65116279069768,-4.0,2025-02-03
2025-02-03,BE,Global/Other,2,2,-2.0636216640251,-6.2,2025-02-03
2025-02-03,BE,Western,1,8,-1.53452685421995,0.0,2025-02-03
2025-02-03,BF,Global/Other,1,1,0.4306632213609,0.0,2025-02-03
2025-02-03,BP,Global/Other,1,2,-1.83126226291694,-0.4,2025-02-03
2025-02-03,CA,Global/Other,56,239,-2.382854352315344,-1.1321428571428573,2025-02-03
2025-02-03,CA,Western,2,5,-2.44797655991556,-1.0,2025-02-03
2025-02-03,CH,Chinese,37,115,0.5557750501683376,0.6432432432432431,2025-02-03
2025-02-03,CH,Global/Other,984,4353,-2.506587156273994,-1.4222560975609757,2025-02-03
2025-02-03,CH,Western,56,254,-2.335333040408745,-1.905357142857143,2025-02-03
2025-02-03,CJ,Global/Other,1,1,-1.44927536231884,0.0,2025-02-03
2025-02-03,CO,Global/Other,1,2,0.34965034965035,-0.4,2025-02-03
2025-02-03,CU,Global/Other,1,2,-0.69084628670121,-2.0,2025-02-03
2025-02-03,EI,Global/Other,2,12,-2.929816354192905,0.5,2025-02-03
2025-02-03,ES,Global/Other,3,8,-3.2911750558809367,3.0,2025-02-03
2025-02-03,FI,Global/Other,1,10,1.42857142857143,-4.4,2025-02-03
2025-02-03,FR,Global/Other,6,29,-0.9484517719975067,-1.3,2025-02-03
2025-02-03,FR,Western,2,3,1.06837606837607,0.0,2025-02-03
2025-02-03,GH,Global/Other,1,2,-2.26744186046512,-0.4,2025-02-03
2025-02-03,GM,Global/Other,13,56,-1.882478141891834,-2.338461538461538,2025-02-03
2025-02-03,GM,Western,2,7,-2.5974025974026,0.0,2025-02-03
2025-02-03,GQ,Global/Other,1,5,1.11358574610245,0.0,2025-02-03
2025-02-03,GT,Global/Other,2,2,-1.972259133188925,3.2,2025-02-03
2025-02-03,GZ,Global/Other,1,5,0.0,3.0,2025-02-03
2025-02-03,GZ,Western,3,5,-2.64677574590953,3.0,2025-02-03
2025-02-03,HK,Chinese,1,2,0.0,3.0,2025-02-03
2025-02-03,HK,Global/Other,16,46,-1.4003416106151618,-1.1,2025-02-03
2025-02-03,HK,Western,1,2,-4.11985018726592,-5.0,2025-02-03
2025-02-03,IN,Chinese,1,1,-0.67796610169491,0.0,2025-02-03
2025-02-03,IN,Global/Other,17,50,-1.4385261456409077,-0.09411764705882358,2025-02-03
2025-02-03,IN,Western,1,1,-1.98265179677819,-2.0,2025-02-03
2025-02-03,IR,Global/Other,15,49,-4.4978397004145,-4.08,2025-02-03
2025-02-03,IS,Global/Other,22,50,-3.073087967933255,0.027272727272727258,2025-02-03
2025-02-03,IS,Western,3,7,-5.519278324959344,-2.8000000000000003,2025-02-03
2025-02-03,JA,Global/Other,13,31,0.8690596732929252,0.4,2025-02-03
2025-02-03,JE,Global/Other,2,4,-3.63636363636364,0.0,2025-02-03
2025-02-03,KN,Global/Other,2,5,-2.47954674716717,0.2,2025-02-03
2025-02-03,KN,Western,1,2,-3.02571860816944,3.0,2025-02-03
2025-02-03,KS,Global/Other,5,20,-1.7433152896546602,0.31999999999999995,2025-02-03
2025-02-03,MX,Global/Other,26,94,-1.7819386155753847,0.06923076923076919,2025-02-03
2025-02-03,MX,Western,7,18,-2.3818413939347374,-2.0,2025-02-03
2025-02-03,MY,Global/Other,2,16,-1.4315678182872351,-0.5,2025-02-03
2025-02-03,NI,Global/Other,3,8,1.0083540182026833,1.0,2025-02-03
2025-02-03,NL,Global/Other,1,10,-2.16216216216217,-4.0,2025-02-03
2025-02-03,NO,Western,1,1,-2.64677574590953,3.0,2025-02-03
2025-02-03,NZ,Global/Other,3,10,-5.48302463863713,-4.0,2025-02-03
2025-02-03,NZ,Western,1,8,-1.49544863459038,-0.4,2025-02-03
2025-02-03,PE,Global/Other,2,5,-1.96560196560197,0.0,2025-02-03
2025-02-03,PL,Global/Other,2,4,-3.46297127030875,-2.2,2025-02-03
2025-02-03,PM,Global/Other,46,169,-2.728963405784657,-1.7,2025-02-03
2025-02-03,PM,Western,5,11,-0.9457190637662161,-0.44000000000000006,2025-02-03
2025-02-03,RO,Global/Other,1,8,-5.81395348837213,3.0,2025-02-03
2025-02-03,RP,Global/Other,9,25,-3.438376824829356,-3.688888888888889,2025-02-03
2025-02-03,RS,Global/Other,26,78,-2.4390616366973696,-1.7923076923076924,2025-02-03
2025-02-03,RS,Western,5,15,-2.227721880071718,0.31999999999999995,2025-02-03
2025-02-03,SA,Global/Other,1,10,-1.4018691588785,4.0,2025-02-03
2025-02-03,SN,Global/Other,1,5,-1.80505415162455,3.0,2025-02-03
2025-02-03,SN,Western,1,5,-1.97424892703863,3.0,2025-02-03
2025-02-03,SP,Global/Other,3,16,0.09084199938069393,-2.6666666666666665,2025-02-03
2025-02-03,TH,Global/Other,2,3,-2.3115865670958002,0.0,2025-02-03
2025-02-03,TU,Global/Other,1,2,0.18939393939394,3.0,2025-02-03
2025-02-03,TW,Global/Other,7,18,-1.353710630910575,-0.14285714285714293,2025-02-03
2025-02-03,UK,Global/Other,14,48,-0.4143204469208629,-1.95,2025-02-03
2025-02-03,UK,Western,1,3,-5.88235294117647,-4.0,2025-02-03
2025-02-03,UNK,Global/Other,1,10,5.0,-4.0,2025-02-03
2025-02-03,UP,Global/Other,8,33,-2.96141576809578,-1.55,2025-02-03
2025-02-03,US,Chinese,17,51,-0.28673389488368467,0.48235294117647054,2025-02-03
2025-02-03,US,Global/Other,719,2521,-2.452301075785774,-1.6517385257301807,2025-02-03
2025-02-03,US,Western,39,108,-2.1378403692425425,-1.6025641025641026,2025-02-03
2025-02-03,VE,Global/Other,1,2,-1.13507377979569,-4.0,2025-02-03
2025-02-03,WA,Global/Other,1,10,-2.74599542334096,-0.3,2025-02-03
2025-02-03,WE,Global/Other,1,2,-1.60697887970615,-8.0,2025-02-03
2025-02-10,AF,Global/Other,1,2,-8.7719298245614,-5.0,2025-02-10
2025-02-10,AR,Global/Other,2,10,0.44742729306487,3.0,2025-02-10
2025-02-10,AS,Global/Other,13,45,-1.3396992477813283,-1.0615384615384615,2025-02-10
2025-02-10,BA,Global/Other,1,8,1.625,0.0,2025-02-10
2025-02-10,BR,Global/Other,2,9,-1.168951103334305,3.0,2025-02-10
2025-02-10,BX,Global/Other,1,1,-5.11182108626198,-9.5,2025-02-10
2025-02-10,CA,Global/Other,27,87,-1.5743248656396263,-2.214814814814815,2025-02-10
2025-02-10,CA,Western,1,10,-0.2375296912114,-5.0,2025-02-10
2025-02-10,CH,Chinese,16,80,-0.6371758086035532,-0.5625,2025-02-10
2025-02-10,CH,Global/Other,647,2604,-1.9791219209682287,-1.271097372488408,2025-02-10
2025-02-10,CH,Western,42,165,-2.5143742496733568,-1.1904761904761905,2025-02-10
2025-02-10,CS,Western,1,1,-3.4688995215311,-4.4,2025-02-10
2025-02-10,EG,Global/Other,2,12,0.13098660302652,1.5,2025-02-10
2025-02-10,EI,Global/Other,1,2,1.56991602774735,-2.0,2025-02-10
2025-02-10,ET,Global/Other,2,4,0.88894399241388,-5.6,2025-02-10
2025-02-10,FR,Global/Other,6,38,-0.5087051839752201,-1.366666666666667,2025-02-10
2025-02-10,FR,Western,2,4,-3.1159470537475347,-4.5,2025-02-10
2025-02-10,GG,Global/Other,1,2,-1.0515247108307,-0.3,2025-02-10
2025-02-10,GL,Global/Other,1,2,-4.38432835820895,-2.0,2025-02-10
2025-02-10,GM,Global/Other,8,13,-1.1171805933028625,-2.2125,2025-02-10
2025-02-10,GM,Western,4,12,-5.509337860780985,-0.4,2025-02-10
2025-02-10,GQ,Global/Other,1,2,-3.84,0.0,2025-02-10
2025-02-10,GR,Global/Other,1,6,-1.69779286926995,3.0,2025-02-10
2025-02-10,HK,Chinese,1,2,0.495049504950501,0.0,2025-02-10
2025-02-10,HK,Global/Other,5,22,-3.014763014763014,-2.16,2025-02-10
2025-02-10,IN,Chinese,1,2,-0.34965034965035,-4.0,2025-02-10
2025-02-10,IN,Global/Other,27,101,-1.206679101691424,0.5851851851851853,2025-02-10
2025-02-10,IN,Western,1,2,-0.23529411764706,3.0,2025-02-10
2025-02-10,IR,Global/Other,3,6,-1.83690535379259,-4.133333333333334,2025-02-10
2025-02-10,IS,Global/Other,3,6,-3.7606837606837598,-3.1999999999999997,2025-02-10
2025-02-10,IT,Global/Other,2,2,-1.32996420299011,3.0,2025-02-10
2025-02-10,IT,Western,2,2,-1.43513739099875,3.0,2025-02-10
2025-02-10,JA,Global/Other,9,44,-3.3037253165512612,-2.511111111111111,2025-02-10
2025-02-10,KN,Global/Other,3,6,-1.9366180631939167,1.3333333333333333,2025-02-10
2025-02-10,KS,Global/Other,5,13,-3.119618553432082,-1.6,2025-02-10
2025-02-10,KZ,Global/Other,1,10,-9.57446808510641,-5.0,2025-02-10
2025-02-10,ML,Global/Other,2,4,-4.83916083916084,0.0,2025-02-10
2025-02-10,MX,Global/Other,8,24,-2.2121964288215885,-0.825,2025-02-10
2025-02-10,MX,Western,1,1,-3.04,3.0,2025-02-10
2025-02-10,NL,Western,2,4,-3.593465550819115,-2.0,2025-02-10
2025-02-10,NZ,Global/Other,1,8,-1.46923783287419,-0.4,2025-02-10
2025-02-10,PK,Global/Other,5,24,-4.899223937393552,-0.9600000000000002,2025-02-10
2025-02-10,PM,Global/Other,5,10,-3.773949328836674,-1.92,2025-02-10
2025-02-10,RP,Global/Other,2,4,-2.4375629521106097,-4.5,2025-02-10
2025-02-10,RS,Global/Other,24,94,-2.2757505673827496,-0.6083333333333333,2025-02-10
2025-02-10,RS,Western,1,3,-8.38709677419355,-0.4,2025-02-10
2025-02-10,SA,Global/Other,2,6,0.33028242263006496,-3.2,2025-02-10
2025-02-10,SF,Chinese,1,10,-2.5974025974026,-7.0,2025-02-10
2025-02-10,SF,Global/Other,4,6,-3.525502421612905,-1.15,2025-02-10
2025-02-10,SN,Global/Other,6,12,-4.113516969388855,-3.0333333333333337,2025-02-10
2025-02-10,SY,Global/Other,2,2,-5.1440329218107,-2.0,2025-02-10
2025-02-10,SZ,Global/Other,4,13,-3.370394242131275,-0.1,2025-02-10
2025-02-10,TH,Global/Other,4,9,-0.999505507118195,-2.7,2025-02-10
2025-02-10,TW,Global/Other,30,107,-2.981167745999636,-0.6133333333333333,2025-02-10
2025-02-10,UK,Global/Other,9,45,-0.42231549936738344,-1.822222222222222,2025-02-10
2025-02-10,UNK,Global/Other,1,5,-8.33333333333333,3.4,2025-02-10
2025-02-10,UP,Global/Other,24,95,-0.9421494986801742,0.9,2025-02-10
2025-02-10,US,Chinese,14,66,-0.6410991772545171,-3.0285714285714285,2025-02-10
2025-02-10,US,Global/Other,503,1650,-2.2590108310173678,-1.28389662027833,2025-02-10
2025-02-10,US,Western,29,64,-1.6743727641343376,-1.2586206896551724,2025-02-10
2025-02-17,AF,Global/Other,1,1,-2.5062656641604,-9.0,2025-02-17
2025-02-17,AF,Western,2,5,-2.44530244530244,-9.0,2025-02-17
2025-02-17,AR,Global/Other,1,8,1.91176470588235,-2.0,2025-02-17
2025-02-17,AS,Global/Other,2,4,-2.892390776352265,-1.0,2025-02-17
2025-02-17,AS,Western,4,28,-0.6442405378336775,-0.8,2025-02-17
2025-02-17,AU,Western,1,2,4.67692307692308,3.0,2025-02-17
2025-02-17,BG,Global/Other,4,5,-2.0076342713860353,-1.2,2025-02-17
2025-02-17,BP,Global/Other,2,4,0.125,3.4,2025-02-17
2025-02-17,BR,Global/Other,1,2,-5.49763033175355,-7.0,2025-02-17
2025-02-17,BT,Global/Other,1,6,-0.0470145745181001,-0.4,2025-02-17
2025-02-17,BU,Global/Other,1,10,-2.31481481481482,3.0,2025-02-17
2025-02-17,BX,Global/Other,3,5,-9.044908285894996,-1.4666666666666668,2025-02-17
2025-02-17,CA,Global/Other,5,28,-4.0618545566827375,-1.28,2025-02-17
2025-02-17,CA,Western,1,6,-2.49110320284697,-2.0,2025-02-17
2025-02-17,CE,Western,1,5,5.21327014218009,0.0,2025-02-17
2025-02-17,CH,Chinese,25,110,-2.5090574024972585,-0.72,2025-02-17
2025-02-17,CH,Global/Other,591,2590,-1.9535511130442706,-0.8553299492385786,2025-02-17
2025-02-17,CH,Western,49,188,-1.9117061808719078,-1.4551020408163264,2025-02-17
2025-02-17,CU,Global/Other,1,8,-3.02267002518892,-0.3,2025-02-17
2025-02-17,CW,Global/Other,2,7,-1.524699212035985,-2.2,2025-02-17
2025-02-17,EG,Global/Other,2,4,-2.97514477194352,0.5,2025-02-17
2025-02-17,FI,Global/Other,2,10,-3.2,0.0,2025-02-17
2025-02-17,FR,Global/Other,7,35,-1.448895394041223,-1.7428571428571427,2025-02-17
2025-02-17,GM,Global/Other,9,46,-1.1705301816636033,1.1666666666666667,2025-02-17
2025-02-17,GQ,Global/Other,3,13,-4.394732666983977,-0.6666666666666666,2025-02-17
2025-02-17,HK,Global/Other,6,16,-2.981851531422057,-1.6666666666666667,2025-02-17
2025-02-17,HU,Global/Other,1,2,-2.40096038415367,-2.0,2025-02-17
2025-02-17,IN,Global/Other,7,35,-1.13678378155643,0.7428571428571429,2025-02-17
2025-02-17,IR,Global/Other,1,1,-5.83333333333334,-5.0,2025-02-17
2025-02-17,IS,Global/Other,4,21,-4.24181169066701,-1.85,2025-02-17
2025-02-17,IZ,Global/Other,1,2,-0.34246575342466,-2.0,2025-02-17
2025-02-17,JA,Global/Other,2,8,-3.6666353780447802,-0.2,2025-02-17
2025-02-17,KN,Global/Other,2,3,-4.01854714064915,-5.0,2025-02-17
2025-02-17,KS,Global/Other,1,2,-8.38709677419355,-5.0,2025-02-17
2025-02-17,LY,Global/Other,1,2,-3.33333333333334,0.0,2025-02-17
2025-02-17,ML,Global/Other,1,2,-4.22960725075528,0.0,2025-02-17
2025-02-17,MX,Global/Other,1,2,-1.80288461538461,-4.4,2025-02-17
2025-02-17,MY,Global/Other,5,9,-1.9554148936461722,-3.2,2025-02-17
2025-02-17,NZ,Global/Other,2,5,-0.78369905956113,0.0,2025-02-17
2025-02-17,PK,Global/Other,2,3,-6.173585629661606,-2.5,2025-02-17
2025-02-17,PM,Chinese,1,7,-1.63934426229508,-2.0,2025-02-17
2025-02-17,PM,Global/Other,6,32,-1.8103464981982398,-1.0666666666666667,2025-02-17
2025-02-17,PO,Global/Other,1,2,0.49504950495049,0.0,2025-02-17
2025-02-17,RI,Global/Other,1,2,-2.12765957446808,3.0,2025-02-17
2025-02-17,RP,Global/Other,16,56,-2.862666329410272,-1.50625,2025-02-17
2025-02-17,RP,Western,1,2,-3.2448377581121,-2.0,2025-02-17
2025-02-17,RS,Global/Other,26,70,-2.418902208254262,-1.1153846153846154,2025-02-17
2025-02-17,RW,Global/Other,1,6,-1.59308147473828,-2.0,2025-02-17
2025-02-17,SA,Global/Other,3,22,0.7005253940455334,-0.3333333333333333,2025-02-17
2025-02-17,SF,Global/Other,2,2,-3.743714615262835,0.5,2025-02-17
2025-02-17,SN,Chinese,1,5,-5.859375,-0.4,2025-02-17
2025-02-17,SN,Global/Other,6,20,0.0,-5.0,2025-02-17
2025-02-17,SP,Global/Other,1,8,0.18018018018018,-5.6,2025-02-17
2025-02-17,SW,Global/Other,1,1,-0.07598784194529,3.0,2025-02-17
2025-02-17,SZ,Global/Other,1,2,1.46198830409357,0.0,2025-02-17
2025-02-17,TH,Global/Other,1,2,1.15774240231548,0.0,2025-02-17
2025-02-17,TW,Global/Other,31,143,-1.9172608778298674,-0.39354838709677414,2025-02-17
2025-02-17,UK,Global/Other,9,42,-3.206364441401008,-0.17777777777777784,2025-02-17
2025-02-17,UNK,Global/Other,1,10,2.03160270880362,0.0,2025-02-17
2025-02-17,UP,Chinese,1,1,-4.74452554744526,-2.0,2025-02-17
2025-02-17,UP,Global/Other,17,61,-2.100178642276303,-0.5176470588235295,2025-02-17
2025-02-17,UP,Western,2,4,-1.02256699576869,0.0,2025-02-17
2025-02-17,US,Chinese,11,56,-3.2451915493234975,-0.8727272727272727,2025-02-17
2025-02-17,US,Global/Other,383,1337,-1.8436184143245593,-1.1172323759791123,2025-02-17
2025-02-17,US,Western,26,94,-1.1427718867954262,-1.9653846153846155,2025-02-17
2025-02-17,VM,Global/Other,2,8,-4.0354701365906,-1.0,2025-02-17
2025-02-24,AF,Global/Other,8,8,-3.26065371936932,0.0,2025-02-24
2025-02-24,AR,Global/Other,4,32,-1.0228953113232775,-1.0,2025-02-24
2025-02-24,AS,Global/Other,4,15,-2.48664612376406,-7.0,2025-02-24
2025-02-24,BE,Global/Other,1,2,0.0,-2.0,2025-02-24
2025-02-24,BE,Western,1,4,-1.96078431372549,-5.0,2025-02-24
2025-02-24,BO,Global/Other,1,2,-2.75502606105733,-2.0,2025-02-24
2025-02-24,BP,Global/Other,1,2,-1.86567164179105,3.0,2025-02-24
2025-02-24,BR,Global/Other,1,1,1.6366612111293,0.0,2025-02-24
2025-02-24,CA,Chinese,1,6,-0.52083333333333,0.4,2025-02-24
2025-02-24,CA,Global/Other,15,51,-1.6417688703027813,-0.08000000000000004,2025-02-24
2025-02-24,CG,Global/Other,1,2,-1.71149144254279,-2.0,2025-02-24
2025-02-24,CH,Chinese,23,104,-0.9506388201026148,-0.391304347826087,2025-02-24
2025-02-24,CH,Global/Other,520,2331,-2.6359651183915904,-1.3201923076923077,2025-02-24
2025-02-24,CH,Western,47,164,-2.9650547806368714,-2.021276595744681,2025-02-24
2025-02-24,FR,Global/Other,6,24,-3.062215237285757,-1.0666666666666667,2025-02-24
2025-02-24,FR,Western,3,3,-2.08006279434851,3.0,2025-02-24
2025-02-24,GM,Global/Other,4,15,-2.428336210801635,-1.55,2025-02-24
2025-02-24,GQ,Global/Other,3,10,-2.83793876026886,-5.0,2025-02-24
2025-02-24,GY,Global/Other,1,2,2.91262135922331,-2.0,2025-02-24
2025-02-24,HK,Chinese,1,6,2.54777070063695,0.0,2025-02-24
2025-02-24,HK,Global/Other,2,4,-3.56687898089172,-2.0,2025-02-24
2025-02-24,IN,Global/Other,13,47,-2.0406860796158153,-0.7846153846153846,2025-02-24
2025-02-24,IR,Global/Other,4,9,-3.3991344056128,-3.5,2025-02-24
2025-02-24,IR,Western,1,2,-3.93162393162393,-8.0,2025-02-24
2025-02-24,IS,Global/Other,5,11,-1.165482360496076,-3.88,2025-02-24
2025-02-24,IS,Western,1,1,-3.20512820512821,-4.4,2025-02-24
2025-02-24,JA,Global/Other,3,15,-1.7351284909813334,-5.333333333333333,2025-02-24
2025-02-24,JA,Western,1,2,-1.88356164383562,-2.0,2025-02-24
2025-02-24,KN,Global/Other,1,5,0.20242914979757,-4.0,2025-02-24
2025-02-24,KS,Global/Other,3,6,-2.058950884038993,-2.0666666666666664,2025-02-24
2025-02-24,MX,Global/Other,19,54,-2.654524086100037,1.2315789473684209,2025-02-24
2025-02-24,MY,Global/Other,2,4,-0.891643059490085,-2.0,2025-02-24
2025-02-24,NP,Western,1,2,-2.28384991843393,-2.0,2025-02-24
2025-02-24,NZ,Global/Other,2,4,-1.00643069254275,0.0,2025-02-24
2025-02-24,NZ,Western,2,2,-0.06657789613848,-4.4,2025-02-24
2025-02-24,RP,Global/Other,3,10,-2.099637971636421,0.4666666666666666,2025-02-24
2025-02-24,RS,Chinese,2,16,-3.073162214073685,-0.05,2025-02-24
2025-02-24,RS,Global/Other,41,122,-2.1621798701227046,-0.8341463414634147,2025-02-24
2025-02-24,SP,Global/Other,2,4,-1.40845070422535,-1.0,2025-02-24
2025-02-24,SY,Global/Other,1,6,-2.75502606105733,-2.0,2025-02-24
2025-02-24,TH,Chinese,1,10,-7.46124031007752,-2.0,2025-02-24
2025-02-24,TH,Global/Other,1,8,1.13018662453883,0.0,2025-02-24
2025-02-24,TU,Global/Other,3,20,-4.117624158112613,-2.533333333333333,2025-02-24
2025-02-24,TW,Chinese,1,2,-0.60240963855422,-2.0,2025-02-24
2025-02-24,TW,Global/Other,26,96,-2.8292848581025427,-1.4153846153846152,2025-02-24
2025-02-24,TW,Western,1,1,-4.14878397711015,-5.0,2025-02-24
2025-02-24,UK,Global/Other,26,84,-0.6991806176299709,-1.4384615384615385,2025-02-24
2025-02-24,UK,Western,3,12,-3.9907518208276134,-0.6000000000000001,2025-02-24
2025-02-24,UNK,Global/Other,1,10,-2.04081632653061,-2.0,2025-02-24
2025-02-24,UP,Chinese,1,4,-5.42168674698795,-0.1,2025-02-24
2025-02-24,UP,Global/Other,18,67,-1.7296002434133577,-0.4666666666666667,2025-02-24
2025-02-24,UP,Western,1,4,0.17006802721089,3.0,2025-02-24
2025-02-24,US,Chinese,17,54,-1.0678670380193718,0.25882352941176473,2025-02-24
2025-02-24,US,Global/Other,331,1016,-2.797103602706764,-1.4151057401812688,2025-02-24
2025-02-24,US,Western,22,57,-1.5710533231677883,-1.4363636363636365,2025-02-24
2025-02-24,VM,Global/Other,2,6,-2.85981912144703,-4.7,2025-02-24
2025-03-03,AE,Global/Other,2,8,-3.86740331491713,-8.0,2025-03-03
2025-03-03,AF,Global/Other,1,2,-1.32045088566828,-2.0,2025-03-03
2025-03-03,AR,Global/Other,1,1,-4.1994750656168,-4.4,2025-03-03
2025-03-03,AS,Global/Other,6,35,-3.9165861782400513,-0.16666666666666666,2025-03-03
2025-03-03,BE,Global/Other,1,6,5.41666666666666,-4.0,2025-03-03
2025-03-03,BX,Global/Other,1,2,-2.5527192008879,-2.0,2025-03-03
2025-03-03,CA,Global/Other,38,140,-2.8485291557420327,-0.9736842105263158,2025-03-03
2025-03-03,CA,Western,3,15,-1.4157430910274733,-0.13333333333333333,2025-03-03
2025-03-03,CB,Global/Other,6,16,-3.4702167605393455,0.26666666666666666,2025-03-03
2025-03-03,CH,Chinese,22,113,-1.588604507836309,-0.9454545454545454,2025-03-03
2025-03-03,CH,Global/Other,775,3364,-3.31188218007725,-1.8135483870967741,2025-03-03
2025-03-03,CH,Western,45,141,-3.577518708020712,-2.6688888888888886,2025-03-03
2025-03-03,DA,Global/Other,1,2,-2.27272727272727,-4.4,2025-03-03
2025-03-03,FR,Global/Other,1,7,2.05278592375366,-5.0,2025-03-03
2025-03-03,FR,Western,1,1,-0.8569545154911,0.0,2025-03-03
2025-03-03,GL,Global/Other,2,5,-0.82085223766334,0.2,2025-03-03
2025-03-03,GM,Global/Other,3,8,0.5728339715450966,1.3333333333333333,2025-03-03
2025-03-03,HK,Global/Other,1,1,-4.13793103448275,-0.4,2025-03-03
2025-03-03,HU,Global/Other,1,1,-4.58015267175572,-4.0,2025-03-03
2025-03-03,IN,Global/Other,10,39,-2.438288628784942,-1.6199999999999999,2025-03-03
2025-03-03,IR,Global/Other,4,7,-2.558479976391245,-2.25,2025-03-03
2025-03-03,IR,Western,1,2,-0.37243947858473,-4.4,2025-03-03
2025-03-03,IS,Global/Other,7,13,-1.8177548726271542,-2.5714285714285716,2025-03-03
2025-03-03,IS,Western,1,8,-2.70793036750484,-0.4,2025-03-03
2025-03-03,IT,Global/Other,1,8,-5.36258379037172,-2.0,2025-03-03
2025-03-03,IZ,Global/Other,3,18,-0.8578772238876734,3.0,2025-03-03
2025-03-03,JA,Global/Other,5,22,-1.4762783576518141,-1.4400000000000002,2025-03-03
2025-03-03,KN,Global/Other,2,14,-3.93278680815712,-2.2,2025-03-03
2025-03-03,KS,Global/Other,2,7,-2.671323965751105,1.5,2025-03-03
2025-03-03,KS,Western,1,1,-0.56444026340546,-0.4,2025-03-03
2025-03-03,KZ,Global/Other,2,4,3.4635018631182497,-2.0,2025-03-03
2025-03-03,MX,Chinese,4,11,-0.91232699392611,0.1,2025-03-03
2025-03-03,MX,Global/Other,18,74,-3.177222993290006,-0.9000000000000001,2025-03-03
2025-03-03,MX,Western,1,2,-5.36193029490616,-2.0,2025-03-03
2025-03-03,MY,Global/Other,2,4,1.01010101010101,-1.0,2025-03-03
2025-03-03,NP,Western,1,2,0.0746825989544502,-4.0,2025-03-03
2025-03-03,NZ,Global/Other,1,2,-1.97368421052632,-4.4,2025-03-03
2025-03-03,PM,Global/Other,22,59,-0.7644927676591667,-0.2863636363636364,2025-03-03
2025-03-03,PM,Western,2,4,-0.58939096267191,-0.1,2025-03-03
2025-03-03,RP,Global/Other,3,15,2.329010933129927,-0.4000000000000001,2025-03-03
2025-03-03,RS,Chinese,1,4,1.9047619047619,-2.0,2025-03-03
2025-03-03,RS,Global/Other,22,67,-1.9459103533075288,-1.2454545454545454,2025-03-03
2025-03-03,SA,Western,1,2,-2.70793036750484,-0.4,2025-03-03
2025-03-03,SG,Global/Other,1,4,6.71671276175424,-2.0,2025-03-03
2025-03-03,SN,Global/Other,4,20,-1.9879331004633398,3.0,2025-03-03
2025-03-03,SP,Global/Other,1,5,1.03806228373703,-5.0,2025-03-03
2025-03-03,SW,Global/Other,1,10,-3.19488817891373,0.0,2025-03-03
2025-03-03,TH,Global/Other,1,1,-5.54089709762533,0.0,2025-03-03
2025-03-03,TU,Global/Other,3,6,-4.76163558094444,-0.6666666666666666,2025-03-03
2025-03-03,TW,Global/Other,18,48,-3.3587986184290446,-2.2444444444444445,2025-03-03
2025-03-03,TW,Western,1,2,-2.37037037037037,0.0,2025-03-03
2025-03-03,UK,Global/Other,6,19,-3.4620251313465613,-2.6666666666666665,2025-03-03
2025-03-03,UK,Western,2,3,-3.77842440679243,-0.2,2025-03-03
2025-03-03,UP,Chinese,1,1,-5.73248407643313,-2.0,2025-03-03
2025-03-03,UP,Global/Other,15,47,-2.5625203568862935,-1.9733333333333334,2025-03-03
2025-03-03,US,Chinese,14,79,-3.6335824431695865,-0.42857142857142855,2025-03-03
2025-03-03,US,Global/Other,587,2043,-3.5170244090075524,-1.7868824531516185,2025-03-03
2025-03-03,US,Western,44,109,-2.8634851731641775,-2.1999999999999997,2025-03-03
2025-03-03,VM,Global/Other,1,1,-5.27272727272727,-7.0,2025-03-03
2025-03-10,AM,Global/Other,1,2,-2.96703296703296,-4.0,2025-03-10
2025-03-10,AS,Global/Other,12,86,-2.3451121753059767,-1.25,2025-03-10
2025-03-10,CA,Global/Other,18,59,-2.936053837330214,-0.2888888888888889,2025-03-10
2025-03-10,CA,Western,2,5,-0.690564687413425,0.0,2025-03-10
2025-03-10,CH,Chinese,8,47,-2.940873184482306,-0.875,2025-03-10
2025-03-10,CH,Global/Other,565,2415,-2.290488542035372,-1.5959292035398231,2025-03-10
2025-03-10,CH,Western,36,125,-2.3002794301543563,-1.8555555555555554,2025-03-10
2025-03-10,FR,Global/Other,4,16,-2.765787028363005,1.1,2025-03-10
2025-03-10,GL,Global/Other,2,3,1.0695266978699,-0.7000000000000002,2025-03-10
2025-03-10,GM,Global/Other,2,9,0.05503456170475002,0.5,2025-03-10
2025-03-10,HK,Global/Other,5,22,-2.089162998582646,-3.6799999999999997,2025-03-10
2025-03-10,HK,Western,1,1,-5.42056074766355,-5.0,2025-03-10
2025-03-10,IN,Global/Other,11,46,-1.1588666450760536,-2.5272727272727273,2025-03-10
2025-03-10,IR,Global/Other,11,37,-2.51995343971213,-2.6727272727272724,2025-03-10
2025-03-10,IS,Global/Other,6,15,-3.34602062684168,0.3333333333333333,2025-03-10
2025-03-10,IS,Western,1,3,-1.88205771643664,-7.0,2025-03-10
2025-03-10,IT,Global/Other,1,10,-8.95061728395065,-8.0,2025-03-10
2025-03-10,JA,Global/Other,3,20,-3.4339602544827463,-3.1333333333333333,2025-03-10
2025-03-10,KN,Global/Other,2,4,-0.08932636472314498,0.2,2025-03-10
2025-03-10,KS,Global/Other,1,2,-0.70635721493441,0.4,2025-03-10
2025-03-10,MX,Global/Other,5,31,-2.1586609435349304,-1.1600000000000001,2025-03-10
2025-03-10,NG,Global/Other,4,8,-1.214270363206535,-5.0,2025-03-10
2025-03-10,NP,Global/Other,1,6,1.02040816326531,0.0,2025-03-10
2025-03-10,PM,Global/Other,5,10,-3.847339029084486,-3.4400000000000004,2025-03-10
2025-03-10,PM,Western,1,1,-1.93740685543964,3.0,2025-03-10
2025-03-10,PS,Global/Other,1,10,-2.44604316546763,-4.4,2025-03-10
2025-03-10,RP,Global/Other,2,8,-2.3943661971831,-4.4,2025-03-10
2025-03-10,RS,Global/Other,21,62,-1.2211912024770157,-1.9714285714285713,2025-03-10
2025-03-10,RS,Western,1,8,-1.36698212407991,-5.0,2025-03-10
2025-03-10,SF,Global/Other,3,10,-2.8844171484670666,-0.3333333333333333,2025-03-10
2025-03-10,SN,Global/Other,3,10,-1.68067226890756,1.0,2025-03-10
2025-03-10,SP,Global/Other,8,41,0.4380469219136075,0.625,2025-03-10
2025-03-10,SZ,Global/Other,1,2,-1.44675925925926,0.0,2025-03-10
2025-03-10,TH,Global/Other,4,15,-5.963600423297326,-1.2,2025-03-10
2025-03-10,TW,Global/Other,22,105,-0.0835977739153082,1.0818181818181818,2025-03-10
2025-03-10,UK,Global/Other,5,11,-1.8372941717154858,-0.7200000000000001,2025-03-10
2025-03-10,UP,Global/Other,11,39,-2.4801698183524565,-0.9454545454545454,2025-03-10
2025-03-10,US,Chinese,3,17,-5.22835401292135,-0.3333333333333333,2025-03-10
2025-03-10,US,Global/Other,423,1379,-2.373264218990461,-2.07565011820331,2025-03-10
2025-03-10,US,Western,26,83,-2.9680337686450815,-2.5730769230769233,2025-03-10
2025-03-10,VM,Global/Other,3,14,-2.45782564699685,-8.0,2025-03-10
2025-03-10,VQ,Global/Other,1,2,-3.22916666666667,-5.0,2025-03-10
2025-03-17,AS,Global/Other,5,28,-1.137928198674746,-1.0,2025-03-17
2025-03-17,AS,Western,2,14,-3.688006037228125,0.5,2025-03-17
2025-03-17,AU,Global/Other,2,2,-0.97680097680098,0.2,2025-03-17
2025-03-17,BR,Global/Other,1,4,-0.28245396000451,0.0,2025-03-17
2025-03-17,CA,Global/Other,16,35,-4.045742185189063,-3.3125,2025-03-17
2025-03-17,CH,Chinese,24,145,-3.6980062964642015,-1.2333333333333334,2025-03-17
2025-03-17,CH,Global/Other,630,2401,-2.2897367381139966,-1.4347619047619047,2025-03-17
2025-03-17,CH,Western,49,146,-2.307606727628401,-1.6326530612244898,2025-03-17
2025-03-17,CU,Chinese,2,8,-10.3260869565218,3.0,2025-03-17
2025-03-17,CU,Global/Other,3,8,-10.520186335403734,3.0,2025-03-17
2025-03-17,FR,Global/Other,4,20,-0.11216853322116499,0.85,2025-03-17
2025-03-17,GL,Global/Other,1,2,-2.31958762886598,3.0,2025-03-17
2025-03-17,GM,Global/Other,3,4,-2.0106562983763534,0.13333333333333333,2025-03-17
2025-03-17,GR,Global/Other,1,10,-8.45070422535211,-5.0,2025-03-17
2025-03-17,HK,Global/Other,7,13,-1.6505188343752686,-1.0857142857142859,2025-03-17
2025-03-17,IN,Global/Other,10,23,-2.186903622173597,0.5399999999999999,2025-03-17
2025-03-17,IR,Global/Other,9,16,-3.5376507160279353,-4.111111111111111,2025-03-17
2025-03-17,IS,Global/Other,4,6,-0.09124559840481752,-4.5,2025-03-17
2025-03-17,IS,Western,1,2,-6.65322580645162,0.0,2025-03-17
2025-03-17,IT,Global/Other,1,2,-4.0,-5.0,2025-03-17
2025-03-17,IZ,Global/Other,1,1,-4.05251141552511,-7.0,2025-03-17
2025-03-17,JA,Global/Other,3,8,0.1775167739269933,-0.20000000000000004,2025-03-17
2025-03-17,JA,Western,1,1,-1.23762376237624,-2.0,2025-03-17
2025-03-17,JE,Global/Other,1,1,1.62454873646209,0.0,2025-03-17
2025-03-17,KN,Global/Other,1,3,-1.09890109890109,0.0,2025-03-17
2025-03-17,KS,Chinese,1,2,-1.5990159901599,0.4,2025-03-17
2025-03-17,KS,Global/Other,2,12,-2.383777746754155,-1.0,2025-03-17
2025-03-17,KZ,Global/Other,1,3,-2.91479820627803,0.0,2025-03-17
2025-03-17,LA,Western,1,2,-5.18134715025907,-9.0,2025-03-17
2025-03-17,MX,Global/Other,5,18,-2.4831979041036423,-0.5599999999999999,2025-03-17
2025-03-17,NZ,Global/Other,1,3,0.245700245700251,-4.0,2025-03-17
2025-03-17,PK,Global/Other,2,3,-1.05509964830011,-2.0,2025-03-17
2025-03-17,PL,Global/Other,2,2,-1.1242143483066451,-4.0,2025-03-17
2025-03-17,RO,Global/Other,2,5,-1.68598524762909,-4.0,2025-03-17
2025-03-17,RP,Global/Other,1,2,1.23839009287925,0.0,2025-03-17
2025-03-17,RS,Global/Other,25,97,-1.704444197276153,-1.56,2025-03-17
2025-03-17,RS,Western,3,12,-0.9593070996579801,-2.9333333333333336,2025-03-17
2025-03-17,SF,Global/Other,3,6,-3.045795082832113,-0.6666666666666666,2025-03-17
2025-03-17,SN,Global/Other,1,1,-1.83397683397683,-2.0,2025-03-17
2025-03-17,SO,Global/Other,1,4,-1.12359550561798,0.0,2025-03-17
2025-03-17,SP,Global/Other,2,14,0.32632479359543,0.4,2025-03-17
2025-03-17,SY,Global/Other,1,2,-3.70499825235931,-2.0,2025-03-17
2025-03-17,TH,Global/Other,1,10,-12.6373626373627,-8.0,2025-03-17
2025-03-17,TU,Global/Other,1,2,0.31847133757962,0.4,2025-03-17
2025-03-17,TW,Global/Other,31,67,-2.266669781719542,-1.5290322580645161,2025-03-17
2025-03-17,UK,Global/Other,7,12,-1.6347847587679916,-3.4857142857142853,2025-03-17
2025-03-17,UNK,Global/Other,1,10,-0.85470085470085,-2.0,2025-03-17
2025-03-17,UP,Global/Other,7,28,-3.20792665148864,-0.7142857142857143,2025-03-17
2025-03-17,UP,Western,1,1,0.72727272727273,3.0,2025-03-17
2025-03-17,US,Chinese,8,53,-0.5565865536746524,0.07500000000000001,2025-03-17
2025-03-17,US,Global/Other,425,1227,-2.62093165174761,-1.5665882352941178,2025-03-17
2025-03-17,US,Western,34,58,-1.8141201507409994,-2.1470588235294117,2025-03-17
2025-03-24,AS,Global/Other,9,33,-2.256193012451698,-3.644444444444444,2025-03-24
2025-03-24,AS,Western,1,4,-2.96411856474259,0.0,2025-03-24
2025-03-24,AU,Global/Other,2,2,-0.99626400996264,0.2,2025-03-24
2025-03-24,BB,Global/Other,2,2,-0.32894736842105,-0.4,2025-03-24
2025-03-24,BD,Global/Other,1,5,-0.44642857142857,3.0,2025-03-24
2025-03-24,BE,Chinese,1,1,-1.29310344827586,-2.0,2025-03-24
2025-03-24,BE,Global/Other,1,1,-2.23735408560312,-2.0,2025-03-24
2025-03-24,BG,Global/Other,1,4,1.80722891566265,0.0,2025-03-24
2025-03-24,BX,Global/Other,6,14,-4.745518756375957,0.43333333333333335,2025-03-24
2025-03-24,CA,Global/Other,8,20,-3.5879456518096853,-0.625,2025-03-24
2025-03-24,CB,Global/Other,1,2,1.16144018583043,0.4,2025-03-24
2025-03-24,CH,Chinese,31,200,-2.4006515911108894,0.10967741935483873,2025-03-24
2025-03-24,CH,Global/Other,576,2508,-2.0307833082760203,-1.5998263888888888,2025-03-24
2025-03-24,CH,Western,23,52,-1.910545046442147,-1.173913043478261,2025-03-24
2025-03-24,CU,Global/Other,1,1,-1.25570776255708,0.0,2025-03-24
2025-03-24,CW,Global/Other,1,1,-2.36486486486486,-5.0,2025-03-24
2025-03-24,DA,Global/Other,1,2,-3.62631445485538,0.0,2025-03-24
2025-03-24,DJ,Global/Other,1,2,-0.48899755501222,3.0,2025-03-24
2025-03-24,FR,Global/Other,4,12,-2.4862151670251924,-2.65,2025-03-24
2025-03-24,GL,Global/Other,9,29,-2.026498157235011,0.0,2025-03-24
2025-03-24,GM,Global/Other,2,9,-5.932878250195695,-5.5,2025-03-24
2025-03-24,GQ,Global/Other,2,4,0.772051983947695,-4.0,2025-03-24
2025-03-24,HK,Global/Other,1,2,-2.65210608424337,-2.0,2025-03-24
2025-03-24,HU,Global/Other,2,2,-1.07843137254902,0.0,2025-03-24
2025-03-24,HU,Western,1,1,-1.5233949945593,0.0,2025-03-24
2025-03-24,IN,Global/Other,10,40,-3.3024599183036765,-0.20000000000000004,2025-03-24
2025-03-24,IR,Global/Other,4,17,-3.6355173890103774,-4.25,2025-03-24
2025-03-24,IS,Global/Other,4,5,-1.051447473577075,-4.35,2025-03-24
2025-03-24,IS,Western,1,8,-4.08997955010225,-0.4,2025-03-24
2025-03-24,JA,Global/Other,10,28,-0.8847797258781949,-1.4,2025-03-24
2025-03-24,KN,Western,1,1,-0.98765432098765,3.4,2025-03-24
2025-03-24,LE,Global/Other,1,8,-1.84696569920844,3.0,2025-03-24
2025-03-24,MC,Global/Other,1,1,0.21707670043415,-5.0,2025-03-24
2025-03-24,MX,Global/Other,4,12,-4.041461556258833,-3.45,2025-03-24
2025-03-24,MY,Global/Other,1,2,-3.10679611650486,0.0,2025-03-24
2025-03-24,PK,Global/Other,2,12,-1.03271277635196,-3.0,2025-03-24
2025-03-24,PO,Global/Other,4,14,-1.2453772778826575,1.3,2025-03-24
2025-03-24,RP,Chinese,2,3,0.469483568075111,3.0,2025-03-24
2025-03-24,RP,Global/Other,19,41,-1.1282364733010173,-1.105263157894737,2025-03-24
2025-03-24,RS,Global/Other,22,54,-0.9518673503426719,-0.6,2025-03-24
2025-03-24,RS,Western,6,20,-3.095475072092592,-0.033333333333333305,2025-03-24
2025-03-24,SA,Global/Other,1,6,-0.70671378091873,-5.0,2025-03-24
2025-03-24,SN,Global/Other,1,8,-1.7921146953405,-5.0,2025-03-24
2025-03-24,SZ,Global/Other,2,2,-2.96296296296296,-2.0,2025-03-24
2025-03-24,TD,Global/Other,1,4,1.43014301430143,3.0,2025-03-24
2025-03-24,TH,Global/Other,2,7,-4.9802371541502,0.0,2025-03-24
2025-03-24,TO,Global/Other,1,2,-3.0035335689046,3.0,2025-03-24
2025-03-24,TW,Global/Other,15,63,-2.9060168410266494,-1.0266666666666666,2025-03-24
2025-03-24,TW,Western,1,2,-3.47349177330896,0.0,2025-03-24
2025-03-24,UK,Global/Other,9,26,-0.7976922990510763,-2.255555555555555,2025-03-24
2025-03-24,UK,Western,1,2,-4.46927374301676,3.4,2025-03-24
2025-03-24,UNK,Global/Other,1,10,1.32450331125828,0.0,2025-03-24
2025-03-24,UP,Global/Other,7,27,-0.26803410820816426,-2.2857142857142856,2025-03-24
2025-03-24,US,Chinese,16,65,1.468772057926706,-1.65,2025-03-24
2025-03-24,US,Global/Other,386,1266,-2.194106167304644,-1.2751295336787565,2025-03-24
2025-03-24,US,Western,20,56,-2.5070557878995703,-0.7300000000000001,2025-03-24
2025-03-24,VE,Global/Other,7,24,-2.234247632529234,-2.4,2025-03-24
2025-03-31,AE,Global/Other,2,10,-5.52884615384616,-2.0,2025-03-31
2025-03-31,AE,Western,1,4,-0.9375,-2.0,2025-03-31
2025-03-31,AS,Global/Other,6,16,-0.680169465978805,-2.8333333333333335,2025-03-31
2025-03-31,BE,Global/Other,7,20,-2.63163437092721,-3.057142857142857,2025-03-31
2025-03-31,BF,Global/Other,1,2,-5.94900849858357,3.0,2025-03-31
2025-03-31,BO,Global/Other,1,4,-2.6595744680851,-4.0,2025-03-31
2025-03-31,BR,Global/Other,6,38,-2.0349664003571917,-0.6666666666666666,2025-03-31
2025-03-31,BX,Global/Other,3,14,-0.25523226135784,-0.3333333333333333,2025-03-31
2025-03-31,CA,Global/Other,21,47,-2.938673736306324,-1.8095238095238095,2025-03-31
2025-03-31,CA,Western,1,1,0.61349693251533,0.0,2025-03-31
2025-03-31,CB,Global/Other,4,16,0.466137935586515,-2.8000000000000003,2025-03-31
2025-03-31,CE,Global/Other,1,5,-1.67714884696017,3.0,2025-03-31
2025-03-31,CH,Chinese,24,139,-2.0130889696340892,-1.7666666666666666,2025-03-31
2025-03-31,CH,Global/Other,814,3753,-2.444095589181608,-1.4534398034398033,2025-03-31
2025-03-31,CH,Western,60,167,-2.384827621816899,-2.5516666666666667,2025-03-31
2025-03-31,CO,Global/Other,2,2,-0.31347962382445,-0.4,2025-03-31
2025-03-31,EI,Global/Other,1,1,-1.08892921960073,-7.0,2025-03-31
2025-03-31,EZ,Global/Other,1,1,-1.54277699859748,-2.0,2025-03-31
2025-03-31,FR,Global/Other,4,17,-2.8753012531445847,0.25,2025-03-31
2025-03-31,GL,Global/Other,4,17,-1.8526618976188098,2.25,2025-03-31
2025-03-31,GM,Global/Other,4,13,-3.183240204044385,-0.7000000000000002,2025-03-31
2025-03-31,GM,Western,1,2,-1.63934426229508,3.0,2025-03-31
2025-03-31,GR,Global/Other,1,2,-4.63768115942029,3.0,2025-03-31
2025-03-31,HK,Chinese,2,16,-4.17362270450751,0.4,2025-03-31
2025-03-31,HK,Global/Other,19,66,-6.070508380880468,-5.336842105263158,2025-03-31
2025-03-31,HK,Western,1,1,-8.02603036876356,-8.0,2025-03-31
2025-03-31,IN,Global/Other,19,106,-1.7341014427401256,0.14736842105263157,2025-03-31
2025-03-31,IR,Global/Other,4,11,-1.555258540281745,-2.5,2025-03-31
2025-03-31,IS,Global/Other,2,6,-2.43362831858407,-3.0,2025-03-31
2025-03-31,IT,Global/Other,2,2,-2.07792207792208,0.0,2025-03-31
2025-03-31,JA,Global/Other,9,48,-3.591782959951251,1.0,2025-03-31
2025-03-31,JM,Global/Other,1,2,-1.8348623853211,0.4,2025-03-31
2025-03-31,KN,Global/Other,3,6,-3.7332540482068333,-5.0,2025-03-31
2025-03-31,KS,Global/Other,5,22,-3.067533890458522,2.4,2025-03-31
2025-03-31,MC,Global/Other,1,1,-2.1604938271605,3.0,2025-03-31
2025-03-31,MP,Global/Other,1,2,1.79372197309417,-4.4,2025-03-31
2025-03-31,MP,Western,2,6,-1.12096725195941,-0.4,2025-03-31
2025-03-31,MX,Global/Other,13,59,-2.082852223097565,-2.5846153846153848,2025-03-31
2025-03-31,MX,Western,2,8,-4.823399558498895,-2.0,2025-03-31
2025-03-31,MY,Global/Other,1,1,-0.934579439252334,0.0,2025-03-31
2025-03-31,OS,Global/Other,1,8,-4.29338103756708,0.0,2025-03-31
2025-03-31,PK,Global/Other,2,5,-0.3125,3.0,2025-03-31
2025-03-31,PL,Global/Other,2,2,-2.35507246376812,0.0,2025-03-31
2025-03-31,PM,Global/Other,4,20,-3.4640978816775423,-2.25,2025-03-31
2025-03-31,QA,Global/Other,1,8,-0.98765432098766,3.0,2025-03-31
2025-03-31,RP,Global/Other,3,18,0.8055497807395433,-1.3333333333333333,2025-03-31
2025-03-31,RS,Global/Other,23,96,-1.5985192543581772,-1.8434782608695652,2025-03-31
2025-03-31,RS,Western,1,2,-0.85803432137285,0.4,2025-03-31
2025-03-31,SN,Global/Other,1,10,-3.20855614973262,0.0,2025-03-31
2025-03-31,SP,Global/Other,2,12,-0.248756218905475,-1.0,2025-03-31
2025-03-31,SZ,Global/Other,1,1,-7.6607387140903,-2.0,2025-03-31
2025-03-31,TH,Global/Other,4,13,-5.83072769545529,-1.325,2025-03-31
2025-03-31,TU,Global/Other,1,3,-2.5,-4.4,2025-03-31
2025-03-31,TW,Chinese,1,3,-1.5625,-7.0,2025-03-31
2025-03-31,TW,Global/Other,43,165,-3.2296717818225957,-2.7255813953488373,2025-03-31
2025-03-31,TW,Western,2,2,-5.83090379008747,-2.0,2025-03-31
2025-03-31,UK,Global/Other,5,29,-2.96963255061188,0.0,2025-03-31
2025-03-31,UK,Western,1,6,-1.32450331125827,-0.4,2025-03-31
2025-03-31,UP,Global/Other,5,13,-3.2114855501394537,-1.8800000000000001,2025-03-31
2025-03-31,UP,Western,2,3,-4.3890977443609,-2.5,2025-03-31
2025-03-31,US,Chinese,9,27,-2.54634563981188,-0.2222222222222222,2025-03-31
2025-03-31,US,Global/Other,601,2200,-2.3583810220710233,-1.5083194675540765,2025-03-31
2025-03-31,US,Western,38,116,-2.5493932471668668,-0.9394736842105263,2025-03-31
2025-03-31,VM,Global/Other,6,26,-1.0262149988720337,-0.8333333333333334,2025-03-31
2025-03-31,WS,Global/Other,4,8,-7.1969696969697345,-2.0,2025-03-31
2025-03-31,YM,Western,1,10,-1.77383592017738,0.0,2025-03-31
2025-04-07,AS,Global/Other,19,136,-2.0527534533258853,-2.0105263157894737,2025-04-07
2025-04-07,BE,Global/Other,11,44,-2.81759311479584,-1.0,2025-04-07
2025-04-07,BG,Global/Other,2,4,-1.72443376801647,-0.5,2025-04-07
2025-04-07,BR,Global/Other,4,14,-3.5248640248640246,0.30000000000000004,2025-04-07
2025-04-07,BX,Global/Other,2,4,-8.07174887892376,-7.0,2025-04-07
2025-04-07,CA,Global/Other,17,55,-1.5299075408026166,-1.447058823529412,2025-04-07
2025-04-07,CB,Global/Other,1,2,-3.5225048923679,-2.0,2025-04-07
2025-04-07,CE,Global/Other,2,13,-1.29721224559603,1.5,2025-04-07
2025-04-07,CH,Chinese,52,328,-2.580134520704145,-1.8615384615384616,2025-04-07
2025-04-07,CH,Global/Other,1649,6774,-2.9741501949237437,-1.6810187992722863,2025-04-07
2025-04-07,CH,Western,115,426,-3.045640738860168,-1.7652173913043478,2025-04-07
2025-04-07,CU,Global/Other,1,2,-5.41237113402061,-4.4,2025-04-07
2025-04-07,DA,Global/Other,2,14,-2.5896895498354198,0.0,2025-04-07
2025-04-07,EC,Global/Other,2,8,-5.70469798657718,-4.0,2025-04-07
2025-04-07,EG,Global/Other,2,8,-1.44930918595967,-2.0,2025-04-07
2025-04-07,EI,Global/Other,4,22,-1.7316191399860574,-2.6,2025-04-07
2025-04-07,FR,Chinese,2,3,-0.282260950472375,-7.2,2025-04-07
2025-04-07,FR,Global/Other,11,32,-0.5581758556219246,-1.8,2025-04-07
2025-04-07,GL,Global/Other,2,18,-3.421393029028235,-0.5,2025-04-07
2025-04-07,GM,Global/Other,7,30,-5.746524330298044,0.4571428571428572,2025-04-07
2025-04-07,GR,Global/Other,2,6,-3.3812774848757297,-3.0,2025-04-07
2025-04-07,HK,Global/Other,6,29,-2.9721183218461404,-4.5,2025-04-07
2025-04-07,HO,Global/Other,1,8,-1.85185185185186,-2.0,2025-04-07
2025-04-07,HR,Global/Other,1,8,-3.79746835443038,0.0,2025-04-07
2025-04-07,IC,Global/Other,1,4,-3.08880308880309,-4.0,2025-04-07
2025-04-07,ID,Global/Other,2,12,-1.9564425004556298,-0.8,2025-04-07
2025-04-07,IN,Global/Other,58,222,-1.9391411283592932,-0.34137931034482766,2025-04-07
2025-04-07,IR,Global/Other,9,26,-0.6149933154941256,0.4444444444444444,2025-04-07
2025-04-07,IS,Global/Other,11,25,-4.0193491115556395,-1.6090909090909093,2025-04-07
2025-04-07,IT,Global/Other,5,18,-0.88096923216045,-2.6,2025-04-07
2025-04-07,IZ,Global/Other,1,1,-4.39276485788114,0.4,2025-04-07
2025-04-07,JA,Global/Other,26,93,-3.0833488348052205,-0.7153846153846154,2025-04-07
2025-04-07,JA,Western,2,3,-2.92501301658685,3.0,2025-04-07
2025-04-07,KN,Global/Other,5,11,-3.094501334859372,-0.96,2025-04-07
2025-04-07,KS,Global/Other,6,23,-2.1453487059362195,0.8333333333333334,2025-04-07
2025-04-07,KS,Western,3,3,-2.91205359134686,2.0,2025-04-07
2025-04-07,LU,Global/Other,2,5,-4.1585174190168495,-2.0,2025-04-07
2025-04-07,ML,Global/Other,1,10,-4.83870967741936,0.0,2025-04-07
2025-04-07,MU,Global/Other,1,2,-2.05973223480947,-2.0,2025-04-07
2025-04-07,MX,Global/Other,7,23,-1.6988435478466042,-2.1142857142857143,2025-04-07
2025-04-07,MX,Western,3,6,-2.24981682394115,0.3333333333333333,2025-04-07
2025-04-07,MY,Global/Other,6,29,-1.3987607857498767,-1.0,2025-04-07
2025-04-07,NP,Global/Other,1,2,0.4,0.0,2025-04-07
2025-04-07,NZ,Global/Other,3,4,-0.6743737957610799,0.0,2025-04-07
2025-04-07,PK,Global/Other,5,23,-2.2024227771395877,-1.2,2025-04-07
2025-04-07,PL,Global/Other,7,41,-1.3929704608941471,-1.542857142857143,2025-04-07
2025-04-07,PM,Chinese,1,2,-4.0,3.0,2025-04-07
2025-04-07,PM,Global/Other,37,141,-2.529768224939273,-1.4162162162162162,2025-04-07
2025-04-07,PM,Western,1,10,-2.42718446601941,-2.0,2025-04-07
2025-04-07,PO,Global/Other,2,3,-1.608646825713015,-2.0,2025-04-07
2025-04-07,RI,Global/Other,1,10,-2.04081632653061,-4.4,2025-04-07
2025-04-07,RO,Global/Other,2,10,-2.36437937848033,1.5,2025-04-07
2025-04-07,RP,Global/Other,1,4,-1.00200400801603,-2.0,2025-04-07
2025-04-07,RS,Global/Other,47,170,-3.352941759380263,-1.65531914893617,2025-04-07
2025-04-07,RS,Western,4,8,-3.1792517386203074,-1.75,2025-04-07
2025-04-07,SA,Global/Other,1,10,-0.29761904761905,-4.4,2025-04-07
2025-04-07,SN,Global/Other,3,28,-0.9338275805545232,0.5333333333333332,2025-04-07
2025-04-07,SN,Western,1,2,-1.71370967741936,3.0,2025-04-07
2025-04-07,SP,Global/Other,14,105,-1.1249081638881575,-3.528571428571429,2025-04-07
2025-04-07,SP,Western,2,5,-1.21459227467811,-0.7000000000000002,2025-04-07
2025-04-07,SW,Global/Other,3,44,-4.1301586888994,-2.1333333333333333,2025-04-07
2025-04-07,TH,Global/Other,2,8,-3.3167495854063,-2.0,2025-04-07
2025-04-07,TU,Global/Other,2,11,0.18446450809464507,-5.7,2025-04-07
2025-04-07,TU,Western,1,2,-2.45700245700246,3.0,2025-04-07
2025-04-07,TW,Global/Other,17,75,-2.737439967956501,-0.9176470588235294,2025-04-07
2025-04-07,UK,Global/Other,15,46,-3.016796974624275,-1.8533333333333333,2025-04-07
2025-04-07,UK,Western,2,18,-4.761109924153406,1.5,2025-04-07
2025-04-07,UNK,Global/Other,1,10,0.0,-5.0,2025-04-07
2025-04-07,UP,Global/Other,34,121,-4.017745591714375,-1.188235294117647,2025-04-07
2025-04-07,UP,Western,3,7,-4.689782238464944,-3.6,2025-04-07
2025-04-07,US,Chinese,19,76,-2.3533322452568335,-1.6842105263157894,2025-04-07
2025-04-07,US,Global/Other,1202,4208,-2.835103191270969,-1.4553244592346088,2025-04-07
2025-04-07,US,Western,66,152,-2.7249686123905446,-1.7787878787878788,2025-04-07
2025-04-07,VE,Global/Other,3,16,-1.7091587939194166,-0.6666666666666666,2025-04-07
2025-04-07,VM,Chinese,1,6,-4.3343653250774,-5.0,2025-04-07
2025-04-07,VM,Global/Other,13,33,-1.413179770717017,-1.4923076923076921,2025-04-07
2025-04-07,VM,Western,1,4,0.74024226110363,0.0,2025-04-07
2025-04-07,WA,Global/Other,5,11,-2.903775752331884,-3.0,2025-04-07
2025-04-14,AE,Global/Other,6,16,-4.77273267199044,0.0,2025-04-14
2025-04-14,AR,Chinese,4,10,-4.93827160493827,-2.0,2025-04-14
2025-04-14,AR,Western,1,4,-1.42857142857143,0.0,2025-04-14
2025-04-14,AS,Global/Other,6,18,-1.7883677828573132,1.0666666666666667,2025-04-14
2025-04-14,AS,Western,6,16,-0.14832613241450998,-3.8333333333333335,2025-04-14
2025-04-14,BH,Global/Other,1,2,-2.29007633587786,3.0,2025-04-14
2025-04-14,BO,Global/Other,1,2,0.48802129547471,0.0,2025-04-14
2025-04-14,BP,Global/Other,1,1,0.0,0.4,2025-04-14
2025-04-14,BR,Global/Other,4,35,-1.7034130719237623,-2.5,2025-04-14
2025-04-14,BX,Global/Other,1,2,1.26050420168068,3.0,2025-04-14
2025-04-14,CA,Global/Other,18,81,-2.0318174650168026,-0.6666666666666666,2025-04-14
2025-04-14,CA,Western,4,7,-1.9230769230769198,-4.4,2025-04-14
2025-04-14,CB,Global/Other,11,34,-3.0147587006350807,-1.4545454545454546,2025-04-14
2025-04-14,CE,Global/Other,2,8,-2.107691773930545,-1.2,2025-04-14
2025-04-14,CH,Chinese,23,94,-4.672731642165355,-2.1652173913043478,2025-04-14
2025-04-14,CH,Global/Other,1375,6371,-2.887441074686626,-1.6162909090909092,2025-04-14
2025-04-14,CH,Western,90,294,-2.5371289050918175,-2.562222222222222,2025-04-14
2025-04-14,DA,Global/Other,2,14,0.862081620669405,-3.5,2025-04-14
2025-04-14,DJ,Global/Other,8,40,-3.9042139166042613,-2.0,2025-04-14
2025-04-14,DJ,Western,1,4,-5.04201680672269,-2.0,2025-04-14
2025-04-14,EG,Global/Other,1,3,0.32502708559047,0.0,2025-04-14
2025-04-14,FI,Global/Other,1,5,5.26315789473684,-2.0,2025-04-14
2025-04-14,FR,Global/Other,7,36,-0.7578874794525626,-3.1999999999999997,2025-04-14
2025-04-14,FR,Western,1,8,-3.58565737051793,-2.0,2025-04-14
2025-04-14,GM,Global/Other,3,18,-1.9081439393939401,-0.4000000000000001,2025-04-14
2025-04-14,GQ,Global/Other,2,11,-3.852127990059025,-4.0,2025-04-14
2025-04-14,GR,Global/Other,4,15,0.33942516469010997,-0.25,2025-04-14
2025-04-14,HK,Chinese,1,5,-4.22535211267606,-4.4,2025-04-14
2025-04-14,HK,Global/Other,15,57,-3.514491076908113,-1.2,2025-04-14
2025-04-14,HU,Global/Other,1,1,-1.11191335740072,-0.4,2025-04-14
2025-04-14,ID,Global/Other,5,19,-3.0494893502498157,-2.08,2025-04-14
2025-04-14,ID,Western,3,5,-1.49841915540609,-2.6666666666666665,2025-04-14
2025-04-14,IN,Global/Other,23,124,-1.8120831604225045,-0.7130434782608697,2025-04-14
2025-04-14,IR,Global/Other,19,75,-4.756264588592114,-3.2842105263157895,2025-04-14
2025-04-14,IS,Global/Other,3,13,-4.921992367123623,-0.3333333333333333,2025-04-14
2025-04-14,IT,Global/Other,4,21,0.3150286060902998,0.25,2025-04-14
2025-04-14,IZ,Global/Other,1,2,4.93827160493827,3.0,2025-04-14
2025-04-14,JA,Global/Other,17,66,-1.0415030497665165,-0.9352941176470588,2025-04-14
2025-04-14,JA,Western,5,7,-0.12537349838404593,-2.0,2025-04-14
2025-04-14,JO,Global/Other,1,2,-2.4,-0.4,2025-04-14
2025-04-14,KN,Global/Other,1,2,-0.76628352490421,-4.4,2025-04-14
2025-04-14,KS,Global/Other,6,14,-0.341921766508755,1.4833333333333334,2025-04-14
2025-04-14,LU,Global/Other,1,1,0.68728522336769,0.0,2025-04-14
2025-04-14,LY,Global/Other,1,2,1.08864696734059,-0.4,2025-04-14
2025-04-14,MC,Global/Other,4,10,-9.289000046523377,-3.2,2025-04-14
2025-04-14,MX,Chinese,1,1,-2.72034820457018,0.4,2025-04-14
2025-04-14,MX,Global/Other,3,10,-0.9080047789725167,-0.3333333333333333,2025-04-14
2025-04-14,MY,Global/Other,2,4,-2.6615969581749,-1.8,2025-04-14
2025-04-14,NL,Global/Other,3,10,-2.3347719387323367,0.3333333333333333,2025-04-14
2025-04-14,NS,Global/Other,2,8,-2.3076923076923,-2.0,2025-04-14
2025-04-14,NU,Global/Other,1,1,-4.09556313993174,-0.4,2025-04-14
2025-04-14,PE,Global/Other,2,2,-0.06172839506173,3.0,2025-04-14
2025-04-14,PM,Global/Other,6,15,-0.6944675807863318,-0.9333333333333332,2025-04-14
2025-04-14,PP,Global/Other,3,6,-1.02766798418972,0.6666666666666666,2025-04-14
2025-04-14,QA,Global/Other,1,2,0.73099415204679,3.0,2025-04-14
2025-04-14,RP,Global/Other,2,2,-2.83185840707964,-2.0,2025-04-14
2025-04-14,RS,Global/Other,31,94,-2.0046234602180397,-1.2838709677419355,2025-04-14
2025-04-14,RS,Western,2,6,-2.3015176219741598,-1.0,2025-04-14
2025-04-14,SA,Chinese,1,3,-0.30959752321981,0.0,2025-04-14
2025-04-14,SA,Global/Other,2,10,-1.8450184501845,3.0,2025-04-14
2025-04-14,SF,Global/Other,3,10,-5.417404354998681,-3.3333333333333335,2025-04-14
2025-04-14,SN,Global/Other,4,15,-0.5581980185348825,-1.35,2025-04-14
2025-04-14,SZ,Global/Other,1,10,0.60790273556231,-5.0,2025-04-14
2025-04-14,TH,Global/Other,8,26,-2.2025891962861,-0.875,2025-04-14
2025-04-14,TU,Global/Other,1,2,-2.5,-2.0,2025-04-14
2025-04-14,TW,Global/Other,15,38,-2.9100564857154056,-2.1733333333333333,2025-04-14
2025-04-14,TW,Western,1,1,-0.1085776330076,3.0,2025-04-14
2025-04-14,UK,Global/Other,14,86,-1.166478748481053,-1.5285714285714285,2025-04-14
2025-04-14,UK,Western,4,6,-0.8844422964204823,-1.5,2025-04-14
2025-04-14,UNK,Chinese,1,10,2.07253886010362,0.0,2025-04-14
2025-04-14,UP,Global/Other,9,36,-7.206758087114584,-6.333333333333333,2025-04-14
2025-04-14,US,Chinese,19,69,-4.241176265739912,-2.289473684210526,2025-04-14
2025-04-14,US,Global/Other,864,3189,-2.586116968469136,-1.329398148148148,2025-04-14
2025-04-14,US,Western,55,143,-1.9292477532152503,-0.9963636363636365,2025-04-14
2025-04-14,VE,Global/Other,1,2,-9.2558983666062,-5.0,2025-04-14
2025-04-14,VM,Global/Other,9,32,-1.6245358430762133,-0.8444444444444444,2025-04-14
2025-04-14,VM,Western,3,5,-0.3310575273654634,1.3333333333333333,2025-04-14
2025-04-14,WS,Global/Other,2,2,0.0,0.0,2025-04-14
2025-04-14,YM,Global/Other,10,36,-3.719594102495462,-2.0,2025-04-14
2025-04-21,AE,Global/Other,2,4,-6.75105485232067,0.0,2025-04-21
2025-04-21,AJ,Global/Other,2,12,2.4409105856154696,-2.2,2025-04-21
2025-04-21,AR,Global/Other,2,11,0.69231321452287,1.9,2025-04-21
2025-04-21,AS,Global/Other,3,11,-1.4484219049293934,-0.13333333333333333,2025-04-21
2025-04-21,AU,Global/Other,1,8,0.18331805682859,-2.0,2025-04-21
2025-04-21,BO,Global/Other,1,1,-4.1421856639248,-4.0,2025-04-21
2025-04-21,BR,Global/Other,6,18,-1.199910333124275,-2.066666666666667,2025-04-21
2025-04-21,BX,Western,1,2,-2.36220472440945,-0.4,2025-04-21
2025-04-21,CA,Global/Other,10,44,-1.987802241718671,-2.58,2025-04-21
2025-04-21,CA,Western,1,1,-0.9840098400984,0.0,2025-04-21
2025-04-21,CE,Global/Other,1,4,-2.67629614992109,-0.4,2025-04-21
2025-04-21,CG,Global/Other,1,2,-1.58550396375991,-4.4,2025-04-21
2025-04-21,CH,Chinese,32,170,-3.689907265477448,-2.3,2025-04-21
2025-04-21,CH,Global/Other,1076,4741,-2.360317165842604,-1.3475836431226766,2025-04-21
2025-04-21,CH,Western,62,217,-2.6089274065788337,-1.1935483870967742,2025-04-21
2025-04-21,DJ,Global/Other,2,12,-3.60189735189735,-3.2,2025-04-21
2025-04-21,EG,Global/Other,1,1,1.06382978723404,0.0,2025-04-21
2025-04-21,EI,Global/Other,1,1,-4.61095100864553,0.0,2025-04-21
2025-04-21,ET,Global/Other,2,8,1.721038073543765,-2.0,2025-04-21
2025-04-21,FR,Global/Other,5,26,-3.94381425026586,-1.0,2025-04-21
2025-04-21,GM,Chinese,1,8,-0.63694267515924,3.0,2025-04-21
2025-04-21,GM,Global/Other,8,37,-2.2009051031009537,0.0,2025-04-21
2025-04-21,GQ,Global/Other,3,5,-3.6564375511402765,-4.0,2025-04-21
2025-04-21,GZ,Global/Other,1,6,-3.88978930307941,0.0,2025-04-21
2025-04-21,HK,Chinese,5,17,-8.240174091141833,-7.2,2025-04-21
2025-04-21,HK,Global/Other,19,64,-7.627635248230748,-3.8947368421052633,2025-04-21
2025-04-21,HU,Global/Other,1,10,1.14503816793893,-2.0,2025-04-21
2025-04-21,ID,Global/Other,7,55,-1.205613453978046,-3.857142857142857,2025-04-21
2025-04-21,IN,Global/Other,33,145,-1.9541054966253766,-0.4727272727272727,2025-04-21
2025-04-21,IN,Western,3,5,-0.60240963855421,-1.9333333333333336,2025-04-21
2025-04-21,IR,Global/Other,9,38,-1.1803823244272311,-3.4000000000000004,2025-04-21
2025-04-21,IR,Western,2,2,-4.3951769739401,-8.0,2025-04-21
2025-04-21,IS,Global/Other,8,29,-1.6762551477787149,-2.45,2025-04-21
2025-04-21,IS,Western,1,1,-4.34782608695652,3.4,2025-04-21
2025-04-21,IT,Global/Other,7,34,-2.2676070432086872,-2.2857142857142856,2025-04-21
2025-04-21,IT,Western,1,5,-1.78282009724473,0.0,2025-04-21
2025-04-21,IZ,Global/Other,2,2,-3.4300127080556697,-0.8,2025-04-21
2025-04-21,JA,Chinese,1,4,-2.28571428571429,-5.0,2025-04-21
2025-04-21,JA,Global/Other,19,78,-1.280663907299429,-0.7578947368421053,2025-04-21
2025-04-21,JA,Western,2,2,-1.618389047006855,0.0,2025-04-21
2025-04-21,KS,Global/Other,6,26,-2.078101241240278,-1.5666666666666667,2025-04-21
2025-04-21,KZ,Global/Other,4,30,-3.1787393875946197,-2.15,2025-04-21
2025-04-21,LO,Global/Other,2,5,-0.19512195121951,-2.0,2025-04-21
2025-04-21,MT,Global/Other,1,1,-0.13157894736842,-0.4,2025-04-21
2025-04-21,MX,Chinese,2,3,-2.30326295585412,0.4,2025-04-21
2025-04-21,MX,Global/Other,1,2,-2.09205020920502,0.0,2025-04-21
2025-04-21,MX,Western,1,1,-4.0948275862069,0.4,2025-04-21
2025-04-21,MY,Global/Other,8,61,-2.93491655993543,-3.4000000000000004,2025-04-21
2025-04-21,NI,Global/Other,2,9,-3.56477166821995,0.5,2025-04-21
2025-04-21,NO,Global/Other,3,5,-1.9548984633061266,-0.3333333333333333,2025-04-21
2025-04-21,NR,Global/Other,2,7,-2.42130750605327,0.0,2025-04-21
2025-04-21,NZ,Global/Other,1,6,-2.60723296888141,0.0,2025-04-21
2025-04-21,PK,Global/Other,7,25,-0.2893659377504814,-2.257142857142857,2025-04-21
2025-04-21,PM,Global/Other,7,15,-2.2840337995235926,-1.2285714285714284,2025-04-21
2025-04-21,RB,Global/Other,1,1,-7.26429675425038,-5.0,2025-04-21
2025-04-21,RO,Global/Other,2,16,0.19363519363519,-0.4,2025-04-21
2025-04-21,RP,Global/Other,8,40,-2.8674331353706437,-3.1,2025-04-21
2025-04-21,RS,Global/Other,17,73,-1.5338836950237906,-2.4,2025-04-21
2025-04-21,RW,Global/Other,1,8,-1.58550396375991,-4.4,2025-04-21
2025-04-21,SA,Global/Other,1,2,-1.30293159609121,-4.0,2025-04-21
2025-04-21,SP,Global/Other,1,10,-1.79153094462541,0.4,2025-04-21
2025-04-21,SW,Global/Other,2,8,-0.32258064516129,-2.0,2025-04-21
2025-04-21,SZ,Global/Other,7,28,-2.2817331809549843,-2.085714285714286,2025-04-21
2025-04-21,TH,Global/Other,3,10,-7.2393573819853,-0.6666666666666666,2025-04-21
2025-04-21,TU,Global/Other,2,14,-2.84576534576535,0.5,2025-04-21
2025-04-21,TW,Global/Other,19,73,-1.313678798060623,-0.7894736842105263,2025-04-21
2025-04-21,UK,Global/Other,13,48,-4.3298301185916,-1.9230769230769231,2025-04-21
2025-04-21,UK,Western,3,6,-0.7122156395065566,-1.4000000000000001,2025-04-21
2025-04-21,UP,Global/Other,11,26,-3.2398753448749145,-2.0545454545454547,2025-04-21
2025-04-21,UP,Western,2,4,-3.353334235872045,-4.2,2025-04-21
2025-04-21,US,Chinese,13,30,-0.8490834752299761,1.123076923076923,2025-04-21
2025-04-21,US,Global/Other,717,2600,-2.5088836046327905,-1.2164574616457462,2025-04-21
2025-04-21,US,Western,47,133,-2.9673371471444394,-1.5893617021276596,2025-04-21
2025-04-21,VM,Global/Other,13,56,-1.337488698077586,-3.8,2025-04-21
2025-04-21,VM,Western,1,5,-4.7077922077922,-2.0,2025-04-21
2025-04-21,WA,Global/Other,1,5,-0.93808630393996,0.0,2025-04-21
2025-04-28,AE,Global/Other,1,5,2.14168039538715,0.0,2025-04-28
2025-04-28,AQ,Global/Other,4,20,-1.7580605514359449,-4.0,2025-04-28
2025-04-28,AS,Global/Other,3,8,1.863366136057283,-0.6666666666666666,2025-04-28
2025-04-28,BE,Global/Other,2,18,-2.47540748186975,-2.2,2025-04-28
2025-04-28,BR,Global/Other,2,20,-3.4643478260869602,-1.0,2025-04-28
2025-04-28,CA,Global/Other,4,16,-1.9257971431106626,-2.5,2025-04-28
2025-04-28,CA,Western,2,11,-2.96046918958614,0.0,2025-04-28
2025-04-28,CH,Chinese,11,88,-0.6026913189112372,-1.2181818181818183,2025-04-28
2025-04-28,CH,Global/Other,409,1966,-2.393574046007042,-1.221760391198044,2025-04-28
2025-04-28,CH,Western,25,84,-3.0820480198650673,-1.5919999999999999,2025-04-28
2025-04-28,CI,Global/Other,1,2,-1.7578125,-0.4,2025-04-28
2025-04-28,EC,Global/Other,1,2,-0.98887515451174,3.0,2025-04-28
2025-04-28,ES,Western,5,6,-2.97766749379653,-1.2,2025-04-28
2025-04-28,GM,Global/Other,1,1,-4.48548812664908,-4.0,2025-04-28
2025-04-28,HK,Global/Other,1,2,-1.38339920948617,-4.0,2025-04-28
2025-04-28,HU,Global/Other,1,1,-0.22988505747127,0.0,2025-04-28
2025-04-28,ID,Western,1,1,-3.53430353430354,0.0,2025-04-28
2025-04-28,IN,Global/Other,17,71,-2.232032854153207,0.19411764705882353,2025-04-28
2025-04-28,IR,Global/Other,2,8,-3.74707259953161,0.0,2025-04-28
2025-04-28,IT,Global/Other,1,8,-2.07612456747405,-2.0,2025-04-28
2025-04-28,JA,Global/Other,9,32,-0.4821363559199011,1.0,2025-04-28
2025-04-28,KS,Global/Other,6,17,-2.880124317072237,0.3333333333333333,2025-04-28
2025-04-28,MX,Global/Other,1,6,-1.28205128205128,3.0,2025-04-28
2025-04-28,MY,Global/Other,1,1,-2.62582056892779,-2.0,2025-04-28
2025-04-28,NL,Global/Other,2,7,0.25906735751295,0.0,2025-04-28
2025-04-28,NZ,Global/Other,1,4,-1.56739811912226,0.0,2025-04-28
2025-04-28,PK,Global/Other,4,4,-6.237182192217495,0.9,2025-04-28
2025-04-28,PS,Western,1,2,-2.05882352941177,0.0,2025-04-28
2025-04-28,RP,Global/Other,5,22,-3.482149516797888,-1.8399999999999999,2025-04-28
2025-04-28,RS,Global/Other,5,25,-1.8451254022193802,-0.8800000000000001,2025-04-28
2025-04-28,SA,Global/Other,3,25,-6.011224125319299,-2.6,2025-04-28
2025-04-28,SN,Global/Other,2,2,-3.0870339338081303,-2.0,2025-04-28
2025-04-28,SW,Global/Other,1,8,-5.95238095238095,-2.0,2025-04-28
2025-04-28,TH,Global/Other,2,10,-0.836820083682005,-4.5,2025-04-28
2025-04-28,TU,Global/Other,1,2,-2.73972602739726,-5.0,2025-04-28
2025-04-28,TW,Global/Other,2,4,-2.28867847480986,0.7,2025-04-28
2025-04-28,TW,Western,1,2,-2.20892774965486,0.0,2025-04-28
2025-04-28,UK,Global/Other,2,6,4.22885572139304,-5.0,2025-04-28
2025-04-28,UP,Global/Other,4,23,-3.377566549736985,-2.0,2025-04-28
2025-04-28,US,Chinese,6,34,-3.1791778084515854,-2.4,2025-04-28
2025-04-28,US,Global/Other,285,946,-2.5873335849097803,-1.3305263157894736,2025-04-28
2025-04-28,US,Western,17,36,-1.866711064333297,-2.023529411764706,2025-04-28
2025-04-28,VE,Global/Other,1,2,-4.18604651162791,-2.0,2025-04-28
2025-04-28,VM,Global/Other,2,13,-2.397256462338965,-0.5000000000000002,2025-04-28
